year,context,target,task_a_label,task_b_label,task_b_stdev,id
2016,"Durch den gezielten Aufbau von Strukturen, Know-How und Kooperationen stärken wir die Innovationskraft und sichern damit die zukünftigen Erfolge unserer Kunden. Eine darüber hinausgehende Analyse von sozialen und ökologischen Wirkungen der Tätigkeit von [NAME] scheint uns angesichts unseres Tätigkeitsfeldes und unserer Reichweite weder möglich noch sinnvoll. Gleiches gilt für die Stellung in der Wertschöpfungskette (Endverbraucher, siehe auch Punkt 4).","Ein Produktlebenszyklus im eigentlichen Sinne liegt nicht vor, da [NAME] keine materiellen Güter plant oder produziert.",10,0.8333333333333333,0.16666666666666669,0r2
2016,"Wir hören unseren Kunden zu und behandeln sie fair. Wir helfen unseren Kunden, ihren Energieverbrauch zu optimieren. Wir errichten und integrieren erneuerbare Erzeugungskapazitäten.",Wir schützen die Gesundheit und sorgen für die Sicherheit unserer Kunden und Kollegen.,2,0.16666666666666666,0.16666666666666666,1r2
2016,"Auch kurzfristig können Mitarbeitende, wenn Kunden und Teammitglieder dies tragen, Arbeitstage tauschen oder Mehrarbeit kurzfristig ausgleichen. Die aktuellen Geschäftszahlen wie BWA und Liquiditätsstand werden zweimonatlich vom GF den Beratern berichtet. Die Berater sind selbst über eine Datei an der Liquiditätsplanung beteiligt und gegenüber allen Kollegen zu sämtlichen Geschäftszahlen auskunftsberechtigt.",Auf diese Weise wird der aktuelle wirtschaftliche Rahmen allen Mitarbeitenden transparent gemacht.,14,0.7777777777777778,0.31426968052735443,1r3
2016,"Daher agiert [NAME] in Netzwerken und forciert den Wissens- und Praxistransfer als Promotor und Antreiber. Das Unternehmen bringt Menschen, Wissen, Theorie und Praxis zusammen. [NAME] bietet den Kunden hierzu umfassende Dienstleistungen: Business-Coaching, Training, Beratung, Dozenten- und Referententätigkeit sowie Veröffentlichungen zu werteorientierter Unternehmensführung, Nachhaltigkeit und CSR.",Die Begleitung von Unternehmen und Organisationen erfolgt in allen Feldern: von der Strategie-Analyse über den konkreten Aufbau und das Reporting bis hin zur Weiterentwicklung.,10,0.4444444444444444,0.41573970964154905,2r3
2016,"Weiterhin ist es möglich, Weiterbildungen auch zu diesen Themen in Anspruch zu nehmen. Umfangreiche Materialien (Bücher sowie z.B. das Forever young-Seminar auf DVD) sind alternativ im Unternehmen zur Nutzung für alle Mitarbeiter verfügbar. Gesundheitsvorsorge für die Mitarbeiter: Das Unternehmen organisiert wöchentliche Massagen in den Geschäftsräumen und trägt hierfür 50% der Kosten im Rahmen der Gesundheitsvorsorge.",Zudem werden hausintern regelmäßig bewegte Pausen angeboten und erfreuen sich zunehmender Teilnahme.,15,0.8888888888888888,0.15713484026367724,3r3
2016,"Im Vordergrund des Forums stehen der Erfahrungsaustausch mit anderen Unternehmen und die Konzeption neuer Ansätze zur beruflichen Integration von Menschen mit Behinderung. [NAME] ist Partner des Projekts InkluJobs. Mit InkluJobs hat das [NAME] gemeinsam mit der Firma [NAME], gefördert durch das [NAME], der [NAME] und den [NAME], ein Inklusionsprogramm für den Mittelstand geschaffen.",[NAME] beteiligt sich seit dem Jahr 2015 an diesem Programm.,15,0.8888888888888888,0.15713484026367724,4r3
2016,"Für die Kommunikation mit Kunden, Partnern und Lieferanten nutzen wir unsere Website sowie einen ca. 6 mal jährlich erscheinenden Newsletter, bei besonderen Anlässen auch Pressemitteilungen. In der Kommunikation mit unseren (potentiellen) Kunden nutzen wir zusätzlich jährlich eine Frühjahrs- und Herbsttagung zur Information über aktuelle Themen. Die Kommunikation mit den Mitarbeitern findet überwiegend im direkten Gespräch, in einmal jährlich stattfindenden Strategietagungen sowie im 2-wöchentlichen JourFixe statt.",Wir müssen unsere Dienstleistung häufig unter Zeitdruck und in Arbeitsspitzen erbringen.,4,0.0,0.0,5r3
2016,"Mit dem Rad zu Arbeit oder durch die Kostenübernahme von Nichtraucherseminaren. Außerdem gibt es kostenloses Obst und kostenlose Getränke für alle. Darüber hinaus kümmert sich [NAME] auch in hohem Maße um gesellschaftliche Belange, welche nicht in direktem Bezug zu den Geschäftsaktivitäten stehen.","So werden beispielsweise einige Kinder aus armen Ländern mittels PLAN-Patenschaften finanziell unterstützt, Sozialeinrichtungen wie die Tafeln oder international tätige Hilfsorganisationen erhalten regelmäßig Sach- und Geldspenden.",1,0.8888888888888888,0.15713484026367724,6r3
2016,"Die interne Kommunikation beginnt mit einer Mitarbeiterveranstaltung. Als Vertreter der [NAME] sollen die Kolleginnen und Kollegen für das Thema Nachhaltigkeit sensibilisiert werden. Dazu sehen wir es als wichtig an, den Betriebs- und Aufsichtsrat in das Nachhaltigkeitsmanagement einzubinden.","Für die Zukunft streben wir ferner eine Stärkung des Stakeholder Dialoges an, sowie die regelmäßige Erstellung eines Nachhaltigkeitsberichtes.",3,0.5555555555555555,0.15713484026367722,7r3
2016,"Die wichtigsten Aspekte bilden die Reduzierung des Flächenverbrauchs, die soziale Verträglichkeit und die Verbesserung der örtlichen Infrastruktur, hauptsächlich durch Revitalisierungen von SB-Märkten und Nahversorgungszentren im Bestand ab. Soweit sinnvoll und möglich sollen gleichzeitig im urbanen Raum neue Potentiale für die Entwicklung von notwendigem Wohnraum geschaffen werden. Im Rahmen von Architektenwettbewerben, kooperativen Moderationsverfahren oder Workshops können Städte, Kommunen und Gemeinden hinzugezogen werden, um ein bestmögliches Ergebnis hinsichtlich der Steigerung der Lebensqualität durch die neuen Objekte gemeinsam zu erarbeiten.","Oberstes Ziel ist es, die Objekte langfristig im eigenen Bestand der Gruppe zu halten und für uns als Eigentümer sowie für die Mieter und Nutzer im Rahmen einer intensiven Bindung eine nachhaltig energieeffiziente Immobilie zu schaffen, die gleichzeitig einen sozialen und städtebaulichen Mehrwert darstellt.",2,0.3333333333333333,0.2721655269759087,8r3
2016,"Drittparteienprüfung (Compliance, Identität, Integrität). Mittels eines Hinweisgebersystems besteht zudem für Mitarbeiter und Externe die Möglichkeit, unter Wahrung größtmöglicher Vertraulichkeit Compliance-Verstöße und Verdachtsfälle an den Compliance Officer zu melden. Zudem nimmt der Compliance Officer eine beratende Funktion wahr.","Der Compliance Officer erstellt Quartalsberichte, die an den Chief Compliance Officer der Muttergesellschaft [NAME] weitergeleitet werden.",20,1.0,0.0,9r3
2016,"Bis 2020 sollen 100% der Lieferanten unseren Code of Conduct unterzeichnet haben. Als Mitglied des Bündnisses für Nachhaltige Textilienhaben wir uns darüber hinaus verpflichtet, bis Januar 2017 eine Roadmap für Verbesserungen entlang unserer Textil-Lieferkette vorzulegen. Seit der Gründung 1982 produziert [NAME] in Deutschland und wird dies auch in Zukunft tun.",[NAME] hat als mittelständischer Arbeitgeber mit ca. 190 Mitarbeitern/innen im mittelfränkischen Heilsbronn eine hohe Bedeutung.,4,0.1111111111111111,0.15713484026367722,10r3
2016,"Die wichtigsten Handlungsfelder stellen für uns als nicht produzierendes Unternehmen die Themen Facility Management, die Organisation von Dienstreisen sowie der Papierverbrauch dar. Bundesweit ist die [NAME] an über 400 Standorten tätig, wobei es sich zum größten Teil um angemietete Objekte handelt. In den vergangenen Jahren ist es unter anderem durch neue Raumkonzepte gelungen, die Flächeneffizienz vieler Standorte zu erhöhen.",So konnten die Abmietung von Großobjekten und hohe Energieeinsparungen erreicht werden.,11,0.8888888888888888,0.15713484026367724,11r3
2016,"Anhand einer entsprechenden Regelung erfolgt in wirtschaftlich erfolgreichen Jahren zudem eine Beteiligung am Unternehmensgewinn. Die Gehaltsordnung legt fest, dass Gewinnausschüttungen nach Festlegung notwendiger Rücklagen zu je 50 Prozent zwischen Gesellschaftern und Mitarbeitern aufgeteilt werden. Die Festsetzung der Gehälter erfolgt bei der [NAME] Unternehmensberatung vollkommen geschlechterunabhängig und ausschließlich tätigkeitsbezogen.",Auch darüber hinaus haben weibliche und männliche Mitarbeiter die gleichen Chancen und Rechte.,15,0.2222222222222222,0.15713484026367722,12r3
2016,Der Lohn setzt sich aus einem Festgehalt und einer Prämie zum Ende des Geschäftsjahres zusammen. Wir vermeiden Diskriminierung durch Achtsamkeit und Aufmerksamkeit im Team. Auf Grund des weit überdurchschnittlichen Bildungsniveaus unserer Belegschaft und einer Belegschaft sind wir an dieser Stelle gut aufgestellt.,"Diskriminierung wird von unseren Mitarbeiter/innen nicht toleriert, also findet sie auch nicht statt.",15,0.0,0.0,13r3
2016,"In wöchentlichen Jour Fixes mit allen Mitarbeitern werden die Arbeitsbedingungen betreffende und für das Tagesgeschäft relevante Entscheidungen im offenen Meinungsaustausch diskutiert und im Kreis beschlossen. Darüber hinaus trifft sich das Team periodisch in ungezwungene Atmosphäre, um im Kreis über persönliche Anliegen der Teammitglieder zu sprechen. Strategische Themen werden im Terra Board erörtert und von allen Mitarbeitern und freien Beratern gemeinsam auf den Terra Days entschieden.","Dabei findet in der Regel das Verfahren des systemischen Konsensierens Anwendung, welches den Widerstand jedes einzelnen Mitarbeiters deutlich stärker im Entscheidungsprozess berücksichtigt als eine Mehrheitsentscheidung.",14,0.5555555555555555,0.15713484026367722,14r3
2016,"Es wird angestrebt, den Anteil an PKW-Fahrten weiter zu reduzieren. Reisen: Büromaterial und -ausrüstung wird über lokale/regionale Lieferanten beschafft. Heizenergie- und Stromverbrauch liegen auf einem niedrigen Niveau und werden im Rahmen dieser Entsprechungserklärung berichtet.","Der Wasserverbrauch für die Büros (Küche, Sanitär) ist gering und wird auf ca. 5m/a geschätzt.",11,0.8888888888888888,0.15713484026367724,15r3
2016,"Wir betrachten darum nicht den formellen Lebenslauf, sondern trauen unseren Mitarbeitern auch bei kurvigen Lebensläufen die Aufgaben zu, für die wir sie einstellen. Auch was das Alter unserer Mitarbeiter angeht, gehen wir nach unserem persönlichen Eindruck und nicht nach einem Datum auf dem Papier. Wir ermöglichen in einem angemessenen Maße das Arbeiten von zu Hause aus, damit unsere Mitarbeiter alle Bedürfnisse und Verpflichtungen außerhalb der Arbeit bestmöglich regeln können.","Die täglichen Arbeitszeiten müssen verlässlich sein, können aber individuell abgesprochen werden.",15,0.4444444444444444,0.41573970964154905,16r3
2016,Aufgrund der Größe von [NAME] wurden die Einsparung von Ressourcen und Emissionen als nicht sehr wesentlich mit Blick auf das Gesamtvolumen bewertet. Dennoch möchten wir diesen Punkt im Sinne einer Vorbildfunktion in die Ziele aufnehmen. Die einzelnen Maßnahmen zu allen Zielen werden unten beschrieben.,"[NAME] wird ein quantitatives Mess-System einführen, um die Effektivität der umgesetzten Nachhaltigkeitsziele zu messen.",3,0.8888888888888888,0.15713484026367724,17r3
2016,"[NAME] orientiert sein Handeln an allgemeingültigen ethischen Werten und Prinzipien, insbesondere an Integrität, Rechtschaffenheit, Respekt vor der Menschenwürde, Offenheit und Nichtdiskriminierung von Religion, Weltanschauung, Geschlecht und Ethik. [NAME] lehnt Korruption und Bestechung im Sinne der entsprechenden UN-Konvention ab und fördert auf geeignete Weise Transparenz, integres Handeln und verantwortliche Führung und Kontrolle im Unternehmen. Verstöße gegen die vorgenannten Prinzipien führen zu einer sofortigen Beendigung der Geschäftsbeziehung und ggf. zu einer Anzeige bei den Strafverfolgungsbehörden.",Dies gilt insbesondere für Korruption.,20,0.7777777777777777,0.15713484026367724,18r3
2016,"Dort wurden beispielsweise nachhaltige Baumaterialien verwendet, u. a. Teppichfliesen aus ausrangierten Fischernetzen sowie Schallschutzpaneele, die teilweise aus recycelten PET-Flaschen bestehen. Zudem befindet sich hier der zentrale Serverraum für ganz Europa mit einer innovativen, besonders effizienten EDV-Kühlung. Zur umweltfreundlichen Kälteerzeugung stellen wir unsere Anlagen nach und nach auf CO2-Kühlung um.","Darüber hinaus kommen energiesparende Verdunstungskondensatoren statt konventionell luftgekühlter Kondensatoren sowie im Warenausgang eine Betriebszeiten abhängige, automatische Temperatursteuerung zum Einsatz.",13,1.0,0.0,19r3
2016,"Darüber hinaus fördert das Unternehmen mit Spenden und Sponsoring soziale Projekte, gemeinnützige Einrichtungen, soziale Zwecke, Sport- und Freizeitvereine und politische Parteien. [NAME] engagiert sich seit vielen Jahren im Bereich Sportsponsoring und für Kinder und Jugendliche und ist außerdem in mehreren regionalen Integrationsprojekten aktiv. In einem Projekt konnten nun beide Bereiche miteinander verbunden werden.",Gemeinsam mit der Stadt Hamburg unterstützt [NAME] das Integrationsprojekt für Geflüchtete des [NAME] auf St. Pauli als Hauptsponsor seit der ersten Stunde.,18,1.0,0.0,20r3
2016,"Das Unternehmen ist weiterhin bestrebt, die Klimaneutralität seiner Geschäftsbereiche Tagung, Gastronomie, Übernachtung und Wellness voranzutreiben. Aktuell bieten wir unseren Gästen die Möglichkeit, ihren Aufenthalt, ihre Tagungen & Events sowie die An- und Abreise an unserem Klimaterminal an der Rezeption klimaneutral zu stellen. Des Weiteren ist in naher Zukunft vorgesehen, Strom- und Wärmeenergie aus effizienteren Blockheizkraftwerken zu beziehen und vorhandene Technik durch energiesparende Alternativen zu ersetzen (siehe Kriterium 3).",Ein kompletter Umstieg auf regenerative Energien ist langfristig geplant.,13,0.8888888888888888,0.15713484026367724,22r3
2016,"Weitere Maßnahmen werden im Rahmen des in der Aufstellung befindlichen Monitoring- und Berichtswesens beschrieben, in ihrer Umsetzung dokumentiert und einmal jährlich für die Öffentlichkeit in Form eines Nachhaltigkeitsbericht in der jeweilig aktuellen Datenlage veröffentlicht. Die zentrale Zielsetzung ist dabei, den Anspruch von Wellness, Luxus und Lebensfreude in Einklang mit den Grundsätzen der nachhaltigen Entwicklung zu bringen. Das erfordert in vielen Bereichen echte Innovationen - sowohl im technischen als auch im sozi-kulturellen Bereich.",Im Unternehmen wird diese Herausforderung als Antrieb für kontinuierliches Streben nach Verbesserung gesehen.,12,0.0,0.0,23r3
2016,"Wie bereits erwähnt, werden die eingereichten Vorschläge je nach Inhalt und Betreff des Vorschlags in dem entsprechenden Team diskutiert. So wurde der Vorschlag zur Erneuerung der Beleuchtung in der Färberei im Energieteam besprochen. Die Zielvorgaben sind im Nachhaltigkeitsbericht festgeschrieben und werden in den Treffen des Nachhaltigkeitsteams kontrolliert.",Die Zwischenergebnisse bis zur Zielerreichung werden ebenfalls bei den Treffen diskutiert.,8,0.5555555555555555,0.41573970964154905,25r3
2016,"Wir denken und handeln nachhaltig: auf dem Markt und gegenüber unseren MitarbeiterInnen, der Umwelt und der Gesellschaft. Unser gesamtes Handeln richten wir so aus, dass es dem langfristigen Erhalt unserer Agentur ebenso dient wie dem Wohl der MitarbeiterInnen, Kunden und Partner. Unsere wirtschaftliche Nachhaltigkeit schafft dauerhaft tragfähige Grundlagen für Wachstum und Erfolg.","Wir achten auf die Umwelt, um unsere Natur für nachfolgende Generationen zu erhalten.",6,0.1111111111111111,0.15713484026367722,26r3
2016,"Die im Berichtszeitraum von [NAME] veröffentlichte Grundsatzerklärung zum Thema Menschenrechte untermauert dies (siehe auch DNK-Kriterium 17). Die Unternehmen von [NAME] und somit auch [NAME] verpflichten sich, sich an die Grundsätze der Allgemeinen Erklärung der Menschenrechte der Vereinten Nationen sowie an die elementaren Übereinkommen zu Kernarbeitsnormen der Internationalen Arbeitsorganisation zu halten. Die im Berichtszeitraum von [NAME] veröffentlichte Grundsatzerklärung zum Thema Menschenrechte untermauert dies (siehe auch DNK-Kriterium 17).","Bei [NAME] ist es zudem gelebte Praxis, dass sich jeder Mitarbeiter mit seinen Ideen frei einbringen kann unabhängig von Titel und Hierarchieebene.",14,0.1111111111111111,0.15713484026367722,27r3
2016,"Wir stellen uns der Herausforderung komplexer Lieferketten unter anderem durch Audits in Zuckerrohrmühlen und Hafenterminals. Die Zuckerproduktion ist ein energieintensiver Prozess. Das Ziel, die Energiemenge für die Produktion einer Tonne Zucker bis 2020 gegenüber 1990 um 45% auf 1.700 kWh je Tonne Zucker zu senken, wurde bereits 2013 erreicht.",Der Energieverbrauch pro Tonne soll nun um 10% gegenüber 2014 bzw. 50% gegenüber 1990 gesenkt werden.,3,1.0,0.0,28r3
2016,"Strategische Themen sind hierbei der Arbeits- und Gesundheitsschutz, die Vermeidung von Unfällen und Produktaustritten, der Klimaschutz sowie die Sicherheit und das Wohlergehen der Gemeinden und Bürgerschaften im Umfeld unserer Einrichtungen. Diese Themen stehen sowohl im Nachhaltigkeits- wie auch im Risikomanagementsystem im Blickpunkt. Mit Blick auf Versorgungs- und Betriebssicherheit sowie Energieeffizienz ist das Transportmedium Pipeline den Alternativen (Straße, Schiene, Fluss) unstrittig überlegen und somit auch aus volkswirtschaftlicher Sicht wünschenswert.",Der sichere Transport per Pipeline bringt auch hinsichtlich CO2-Emissionen eine deutliche Entlastung.,1,0.5555555555555555,0.41573970964154905,29r3
2016,"Dort wurden Vorschläge für eine standardisierte Nachhaltigkeitsberichterstattung erarbeitet. Ausgangsbasis dafür bildeten das Sustainability-Reporting Framework der [NAME], das Corporate Social Responsibiliy-Berichtskonzept des [NAME] sowie eine Auswertung veröffentlichter wohnungswirtschaftlicher Nachhaltigkeits- und Corporate Social Responsibility-Berichte. In dieser Zeit wurde ein Datenblatt mit allen erhebungsrelevanten Kennzahlen eingeführt, das Grundlage für die Erstellung des Nachhaltigkeitsberichts 2016 war und für die Fortschreibung sein wird.",Basis für das Datenblatt sind alle für [NAME] relevanten GRI-Kennzahlen (G4).,7,1.0,0.0,33r3
2016,Technische Büroausstattung: Es wird auf neueste technische Möglichkeiten zugunsten einer Beschränkung auf das Wesentliche und Funktionale verzichtet. Es werden langlebige Geräte bevorzugt. Diese werden so lange wie möglich genutzt.,Reparatur geht vor Neuanschaffung.,11,0.3333333333333333,0.2721655269759087,35r3
2016,"In diesem Regelwerk sind einheitliche Standards zur Effizienzsteigerung, Transparenz und Kontrolle für die städtischen Beteiligungsgesellschaften zusammengefasst. Somit verpflichtet sich die [NAME] auch über die gesetzlichen Auflagen hinaus zu freiwillig auferlegten Maßstäben für eine nachhaltige Unternehmensführung. Das nach [NAME] zertifizierte Risikomanagement der [NAME] ist essentieller Bestandteil der Unternehmensführung.",Als Instrument für den Umgang mit Chancen und Risiken dient es der nachhaltigen Sicherung des Unternehmenserfolges und als Grundlage für die mittel- bis langfristige Planung.,1,0.2222222222222222,0.31426968052735443,36r3
2016,"Die genutzten Ressourcen beschränken sich auf die Bürogebäude, das Büromaterial und geschäftliche Reisen. 2016 hat die [NAME] den Energieaudit nach DIN EN 16247-1 erfolgreich bestanden. Die sich daraus ergebenden Einsparpotenziale wurden separat betrachtet.",Des Weiteren wird auf einen umweltschonenden und effizienten Verbrauch von Büromaterialien Wert gelegt.,11,0.0,0.0,37r3
2016,Diese definiert und veröffentlicht die strategischen Ziele. Die Verantwortung zu der Einhaltung der Ziele liegt in den Fachbereichen. Eine kontinuierliche Kontrolle erfolgt durch die Geschäftsführung anhand des Managementansatzes: Plan – Do – Check – Act.,Zusätzlich ist ein Verantwortlicher für die Nachhaltigkeit auf operativer Ebene definiert.,5,1.0,0.0,38r3
2016,Die Definition von exakten Entscheidungsprozessen und Vorgehensweisen von Geschäftsleitung und Abteilungsverantwortlichen im Falle anfänglicher Hinweise auf ein mögliches Fehlverhalten. Die regelmäßige Überprüfung der Einhaltung gesetzlicher Regeln und Richtlinien durch die eigene Fachabteilung Recht und Verträge. Die Einrichtung eines internen Risikomanagements unter Mitarbeit der Legal-Abteilung und des CFO.,"Bei [NAME] wird nach dem Wertekompass gehandelt, welcher sich aus Vertrauen, Verantwortung, Wertschätzung und Dynamik zusammensetzt.",20,0.0,0.0,39r3
2016,"Der [NAME] ist durchaus bewusst, dass kein Emittent dem Ideal aller ethischen Anforderungen gerecht wird. Die Schwarz-Weiß-Bewertung ethisch vertretbar ja/nein kann die vielen Graustufen im Bereich der Nachhaltigkeit nur annäherungsweise abdecken. Der Schweregrad von einzelnen sozialen oder ökologischen Problemen der Unternehmen kann je nach Betrachtungsweise sehr unterschiedlich eingestuft werden.","Um dieser Herausforderung eines ethisch-nachhaltigen Investors gerecht zu werden, hat die [NAME] 2013 einen Ethik-Anlagerat eingerichtet, der darüber entscheidet, welche Titel in das Anlageuniversum der [NAME] aufgenommen werden und welche nicht.",4,1.0,0.0,40r3
2016,"Mit allen Interessengruppen wird, sofern möglich, unterjährig ein konstruktiver Dialog geführt. Das erfolgt in Form von Zusammenkünften und Kaminabenden, formelle und informelle Gespräche im Rahmen von Projekten oder im Erfahrungsaustausch und bei Weiterbildungen. Zudem erfolgt im Rahmen des jährlichen Strategie-Meetings eine an die Interessengruppen ausgerichtete Betrachtung.","Aus den Ergebnissen werden Chancen und Risiken abgleitet, die folgend und bei Bedarf mit Maßnahmen unterlegt werden.",9,0.5555555555555555,0.31426968052735443,41r3
2016,Die Prüfung der Energieeffizienz und die Ermittlung des Einsparpotentials erfolgt kontinuierlich hausintern und alle 4 Jahre über die Durchführung eines Energieaudits durch externe unabhängige Auditoren. Aus den Ergebnissen des Audits wird ein Konzept für den nächsten Betrachtungszeitraum (4 Jahre) erarbeitet und Maßnahmen festgelegt. Die Auswirkungen werden mittels eines Energiecontrollings überprüft.,Im Jahr 2015 fand das erste Energieaudit statt.,11,1.0,0.0,42r3
2016,"Der Großteil der Ressourcen wird durch Geschäftsreisen und der Nutzung des Büros verbraucht. Wer an den genauen eingesetzten Materialien und den Verbrauchswerten interessiert ist, findet die Details zum Energie- und Wasserverbrauch sowie zur Abfallmenge ausführlich in den Leistungsindikatoren zu den Kriterien 11 bis 12 beschrieben. Vorab nur so viel: es wird zu 100% Ökostrom verwendet und die Inhaberin von [NAME] ist seit Jahren bestrebt, die Inanspruchnahme natürlicher Ressourcen klein zu halten.","So wird beispielsweise regelmäßig nachgehalten, wie die Zählerstände von Strom, Heizung und Wasser sich verändert haben, um bei Abweichungen schnell reagieren zu können.",11,0.6666666666666666,0.0,43r3
2016,"Das sind beispielsweise die UN-Kinderrechtskonvention oder ILO-Kernarbeitsnormen. [NAME] setzt sich auf politischer Ebene dafür ein, dass die Kinderrechte umgesetzt werden. Wir betreiben Lobbyarbeit auf Grundlage der UN-Kinderrechtskonvention und den zentralen Prinzipien zur Beachtung des Kindeswohls, der Nicht-Diskriminierung und Teilhabe von Kindern an allen sie betreffenden Entscheidungen.",Dabei handeln wir im Spannungsfeld zwischen kritischer Wirklichkeitsbeobachtung und konstruktiver Politikveränderung.,19,0.0,0.0,44r3
2016,"Weiter wurden fachliche Inhalte in die Verbandsarbeit als Beratungsleistung eingebracht. Initiierung einer Bildungsoffensive für ""Sustainable Eventmanagement"" zusammen mit dem größten Fachverband der Live-Kommunikation. Es wurden im Rahmen von Beratungsleistungen, Vorträgen sowie Aus- und Weiterbildungen zu Nachhaltigkeitsthemen pro bono Leistungen in 2016 erbracht.",Im Einzelnen sind dies: Vorträge und Präsentationen zu nachhaltigen Themen an staatlichen Schulen und Hochschulen sowie Fachmessen und -foren.,18,0.8888888888888888,0.15713484026367724,45r3
2016,Der Inhaber des [NAME] hat im Jahr 2016 nahezu in Vollzeit für das [NAME] als geschäftsführendes Vorstandsmitglied und Geschäftsführer der [NAME] gearbeitet. Die Tätigkeiten wurde ehrenamtlich ausgeführt. Näheres zur Tätigkeit des [NAME] siehe hier.,Daneben engagierte sich [NAME] zunächst noch im [NAME] und ab Dezember 2016 im [NAME].,18,0.7777777777777777,0.15713484026367724,47r3
2016,"Neben dem finanzwirtschaftlichen Gleichgewicht ist das Unternehmenswachstum bzw. auch der Erhalt der Unternehmenswerte von zentraler Bedeutung, um die nachhaltigen Ziele des Unternehmens erreichen zu können. Dies wird gefördert durch kontinuierlich gute Unternehmensergebnisse, eine ständige Optimierung der finanziellen Rahmenbedingungen sowie durch den Einsatz von innovativen Finanzinstrumenten. Dieses quantitative Ziel wird regelmäßig durch entsprechende Kennzahlenberichte kontrolliert und auf Optimierungsbedarf hin überprüft.",Die Erhöhung der Attraktivität der Bestandswohnungen sowie die Erstellung von modernen Neubauwohnungen ist ein qualitatives nachhaltiges Ziel.,3,0.3333333333333333,0.2721655269759087,48r3
2016,"Wir sind auf Flexibilität und informelle Prozesse angewiesen, um auf ständige Veränderungen des Marktes eingehen zu können. Nachhaltigkeit ist fester Bestandteil unseres Unternehmensleitbilds und für das Kernteam ebenso wie für die erweiterte Mannschaft (Kooperationspartner) eine Selbstverständlichkeit. Die Geschäftsführung als Kernteam sowie die assoziierten Partner haben eine hohe Sensibilisierung durch ihren täglichen Kontakt mit Nachhaltigkeitsthemen.","Viele unserer Kunden kommen auf uns zu, um gemeinsam mit uns eine Nachhaltigkeitsstrategie inkl. Regeln und Prozesse zur Implementierung zu entwickeln.",6,0.3333333333333333,0.2721655269759087,49r3
2016,"Bereits die 2002 verabschiedete nationale Nachhaltigkeitsstrategie benennt als eine der vier Leitlinien ausdrücklich die internationale Verantwortung. In vielen Facetten fand das Thema Nachhaltigkeit früh Eingang in Konzepte des für uns zuständigen Bundesministeriums für wirtschaftliche Zusammenarbeit und Entwicklung (BMZ) und wurde damit zur Richtschnur unserer Förder- und Qualifizierungsprogramme sowie unserer Aktivitäten zur Vernetzung. Für uns wichtige Aspekte sind unter anderem die Stärkung und Förderung der Zivilgesellschaft in Deutschland und darüber die Zivilgesellschaft in Entwicklungsländern, die Unterstützung und Verbreitung von Globalem Lernen in Deutschland sowie die Stärkung von Vereinen und Kommunen als Orte für Engagement.","Deshalb war es nur konsequent, dass wir im April 2013 dem [NAME], den die Vereinten Nationen im Jahr 2000 angeregt haben, beigetreten sind.",1,1.0,0.0,50r3
2016,Jede Form von Bestechung und Bestechlichkeit ist in der [NAME] verboten. Dies ist im Verhaltenskodex der [NAME] verbindlich dokumentiert und weiter ausgeführt. Er wird von spezifischen Arbeitsanweisungen ergänzt.,"Die Geschenke-Richtlinie der [NAME] stellt sicher, dass geschäftliche Entscheidungen objektiv, transparent und auf Basis nachvollziehbarer Sachargumente getroffen werden.",20,0.5555555555555555,0.41573970964154905,51r3
2016,"In diesem CR-Kernteam werden interne Themen wie beispielsweise Familie und Beruf, Wissenstransfer über Vorträge oder Verbesserung der Gesundheit, aber auch externe Themen wie Patenschaften, Spendenaktionen o.Ä. besprochen und organisiert. Aus diesem Kernteam gibt es auch Impulse für die Nachhaltigkeitswirkung verschiedener Prozesse innerhalb sowie außerhalb der [NAME]. Die Nachhaltigkeit unserer Produkte und Dienstleistungen wird durch eine vertrauensvolle und transparente Kommunikation mit dem Kunden verfolgt.","Beispielsweise erhalten Kunden Alarmmeldungen, sollte die Leistung seiner Anlagen höher als geplant sein.",10,1.0,0.0,52r3
2016,"So können wir unsere Fortschritte von Jahr zu Jahr dokumentieren und zielgerichtet steuern. Bestehende Managementsysteme, Prozesse und Strukturen, auf die wir innerhalb dieses Steuerungsprozesses zurückgreifen, sind beispielsweise unsere Zertifizierung als Entsorgungsfachbetrieb, unser Qualitätsmanagementsystem (ISO 9001), unser Managementsystem für Risiko und Compliance, welches auch nicht-finanzielle Risiken berücksichtigt, unser Servicetelefon mit IT-gestütztem Beschwerdemanagement, oder das regelmäßige Audit ""[NAME]."" Darüber hinaus haben wir einen kontinuierlichen Verbesserungsprozess und ein betriebliches Vorschlagswesen implementiert und verschiedene Dienstvereinbarungen und Arbeitsanweisungen etabliert.","Im Umweltbereich sind wir gerade dabei, unsere Flotte sowie unsere Gebäude systematisch energieeffizienter und schadstoffärmer umzurüsten.",6,0.7777777777777777,0.15713484026367724,53r3
2016,"Die größten sozialen und ökologischen Folgewirkungen der Nachhaltigkeitsberatung entstehen durch die Umsetzung der CSR-Aktivitäten beim Kunden, also in den Unternehmen selber und reichen sogar bis zu deren Zulieferern. Die Überprüfung von Nachhaltigkeitskriterien im Handlungsfeld ""Beschaffungswesen"" ist aufgrund der Betriebsgröße und der geringen bezogenen Mengen von untergeordneter Bedeutung. Die direkten Lieferanten werden bewusst nach ökologischen und sozialen Nachhaltigkeitskriterien ausgewählt.","Vorrangig werden vorbildlich nachhaltig wirtschaftende deutsche Mittelständler als direkte Lieferanten gewählt, die Produkte mit hohen Sozial-/Umweltstandards anbieten (wie z.B. [NAME] für Büromaterialien, [NAME] für zertifizierten Ökostrom).",4,0.6666666666666666,0.0,54r3
2016,Dementsprechend und aufgrund der Unternehmensgröße wurde bislang keine korruptions-beauftragte Person im Unternehmen bestimmt. Der Geschäftsführer verantwortet alleinverantwortlich die Vertragsbestimmungen und ist somit auch für die rechtskonforme Einhaltung zuständig. Der Geschäftsführer fühlt sich der Tradition des Ehrbaren Kaufmanns verpflichtet und handelt entsprechend mit diesem Selbstverständnis.,Zudem wird analog und verpflichtend der Ethikregeln des [NAME] (Mitglied und Regionalgruppenleitung) gehandelt (siehe auch 6. Regeln und Prozesse).,20,0.4444444444444444,0.15713484026367722,55r3
2016,"In der Mitarbeiterzeitung sowie im Intranet und auf regelmäßigen Betriebsversammlungen informieren wir sie zudem ständig über aktuelle Vorgänge im Unternehmen. Wir motivieren unsere Mitarbeiterinnen und Mitarbeiter, sich aktiv an der Entwicklung des Unternehmens zu beteiligen. Unsere Managementansätze und das Nachhaltigkeitsprogramm sorgen dafür, dass Mitarbeiterinnen und Mitarbeiter aus unterschiedlichen Bereichen der [NAME] zur Erfüllung der Nachhaltigkeitsziele beitragen.",Über das Betriebliche Vorschlagswesen können unsere Beschäftigten Wünsche und Vorschläge äußern.,14,0.7777777777777777,0.3142696805273545,56r3
2016,"Unsere Angebote konzentrieren sich auf die nachhaltige Entwicklung von Unternehmen, Organisationen und Gesellschaft. Dafür bieten wir Experten- und Wissens-Dienstleistungen an. Als reines Dienstleistungsunternehmen liegen unsere größten Risiken im Bereich der Emissionen in die Luft durch Mobilität, Büro- und Internetnutzung.","Auf der anderen Seite tragen wir aufgrund der Unternehmensgröße unserer Kunden besonders außerhalb von [NAME] (bei unseren Kunden) zu größeren ökologisch-sozialen Verbesserungen bei, als es uns innerhalb von [NAME] möglich wäre.",2,0.2222222222222222,0.15713484026367722,57r3
2016,"Alle Mitarbeiter haben Bahncards (mind. BC 50), die Bahnreisen mit 100% Ökostrom garantieren. 2. Bürobetrieb: Büroartikel und Ausstattung für unser Büro beschaffen wir möglichst nachhaltig: Büroartikel und Papier bei [NAME], Nahrungsmittel in Bioqualität und IT Ausstattung, z. T. gebraucht, bei Druckerpatronen nutzen wir refill-Produkte. Die Nahrungsmittelbeschaffung erfolgt über einen Kölner Lebensmitteleinzelhändler, der im Bereich Nachhaltigkeit Vorreiter ist.","Um Verbesserungspotentiale zu erkennen, orientieren wir uns am [NAME].",1,0.3333333333333333,0.0,58r3
2016,"Generell herrscht bei der [NAME] ein freundschaftlicher und familiärer Umgangston. Teamarbeit ist für uns erstrangig und für uns eine Leichtigkeit. Unser Grundsatz ist: ""Qualität kommt von Menschen"".",Diese fördern und leben wir auch.,2,0.0,0.0,59r3
2016,"In der jährlichen Projektplanung der Bank werden nachhaltige Aspekte als separate Dimension betrachtet und ausgewertet. Die Balanced-Scorecard der Bank, die quartalsweise aktualisiert wird und Bestandteil der Gesamtbankstrategie ist, enthält auf allen wesentlichen Ebenen Leistungsindikatoren, die aus dem Nachhaltigkeits- und Umweltmanagement induziert sind. Über das Nachhaltigkeits- und Umweltmanagement wird in der internen und externen Kommunikation regelmäßig ausführlich berichtet.",Die Verantwortung ist in den Stellenbeschreibungen und in Organisationsanweisungen festgeschrieben.,6,0.8888888888888888,0.15713484026367724,60r3
2016,"Zu guter Letzt bedeutet fortschreitende Globalisierung und vernetzte Welt auch, dass ein unerlaubter Zugriff auf die im Unternehmen gespeicherten Daten von überall auf der Welt erfolgen kann. Hier muss das Datenmanagement (wer verarbeitet wann, welche Daten, wo und wie sind diese gespeichert?) entsprechende Vorsorge treffen. Diese Punkte haben einen wesentlichen Einfluss auf unser Geschäftsgeschehen, da sie Motor unserer Tätigkeit sind.","Um unsere bisherigen Einschätzungen zu prüfen und uns vor allem noch stärker an Kunden und anderen Stakeholdern auszurichten, ist mittelfristig eine ausführliche und methodisch hinterlegte Wesentlichkeitsanalyse aus externer Sicht unserer Stakeholder geplant.",2,0.7777777777777777,0.15713484026367724,61r3
2016,"ReUse - [NAME] verlängert Produktlebenszyklen, indem der Umweltdienstleister hocheffiziente Systeme zur Rücknahme, Sortierung und Wiederverwendung von Wertstoffen einrichtet. ReCycle - Wenn die Möglichkeiten der Abfallvermeidung und -reduktion ausgereizt sind, rückt das Recycling in den Fokus. [NAME] entwickelt moderne Lösungen zur Kreislaufführung und produziert hochwertige Recycling-Rohstoffe.",Wichtige Anwendungsbereiche sind hier die Rücknahme und Verwertung von Verpackungen (Duales System [NAME] und Transportverpackungen).,2,0.5,0.5,3r2
2016,"Luftschadstoffe entstehen an Flughäfen vor allem in Verbindung mit dem Flugbetrieb, aber auch der Vorfeld- und Fahrzeugverkehr führen zur Emission von Schadstoffen in die Luft. Am [NAME] überwachen wir die Schadstoffimmissionen seit 2002 kontinuierlich an bis zu fünf Luftmessstellen. Die Messergebnisse belegen, dass die Luftqualität auf dem Flughafengelände seit Beginn der Überwachung unverändert auf städtischem Niveau liegt.",Zur Reduktion der Emissionen auf dem Vorfeld trägt auch der Einsatz elektrisch angetriebener Vorfeldfahrzeuge bei.,10,0.6666666666666666,0.33333333333333337,6r2
2016,"Wir haben uns dazu verpflichtet, über die gesamte Lieferkette hinweg ökonomische, soziale und ökologische Mindestanforderungen zu definieren und durchzusetzen. Diese Mindestanforderungen spiegeln sich in den Richtlinien zur Beschaffung und dem Lieferantenmanagement wider. Mit unserem Verhaltenskodex für Nachunternehmer und Lieferanten formulieren wir klare Erwartungen an Integrität, Gesetzestreue und ethisches Verhalten, die den Prinzipien der [NAME] entsprechen.","Hierzu zählen insbesondere die Bekämpfung von Korruption, verbotenen Absprachen, illegaler Beschäftigung und Schwarzarbeit sowie die Achtung grundlegender Rechte von Mitarbeitern und der Umwelt.",11,1.0,0.0,7r2
2016,"Im Berichtszeitraum hat die [NAME] ein Stakeholdermapping durchgeführt, um das Feld aktuell relevanter NGOs in den Bereichen Soziales, Umwelt, Verbraucher, Tierschutz, Klimaschutz, bewusste Ernährung und Notfallhilfe zu erfassen. Die Ergebnisse fließen in die Planung der Stakeholderkommunikation ein. Mehr Informationen zu den einbezogenen Stakeholdergruppen im [NAME] Nachhaltigkeitsbericht unter Stakeholderdialog .","Als Handels- und Touristikunternehmen mit täglich vielen Millionen Kundenkontakten hat die [NAME] eine besondere Chance, aber auch eine Verantwortung, nachhaltigere Produkte aus der Nische zu führen.",10,0.0,0.0,9r2
2016,"Gleich­zeitig ist der Austausch mit unseren Stake­holdern wichtig, um Chancen und Risiken für das [NAME] Geschäft möglichst frühzeitig zu erkennen und so ein proak­tives Handeln zu ermög­lichen. Der Austausch mit unseren Stake­holdern ist geprägt durch Dialog auf Augenhöhe und passgenaue Aktivi­täten zur Einbindung. Dabei steht unser Kernziel einer 100 % nachhal­tigen Geschäftstä­tigkeit für Konti­nuität, wobei wir uns stetig weiter­ent­wi­ckeln: unter Einbe­ziehung der wichtigsten Stake­holder und ihrer Anfor­de­rungen sowie durch die regel­mäßige Aktua­li­sierung der Priori­täten und wesent­lichen Themen sowie Maßnahmen.","Im Rahmen dieser Stake­holder-Einbe­ziehung ist es nicht unser Ziel, alle Anfor­de­rungen schnellst­möglich zu erfüllen, sondern uns mit ihnen ausein­an­der­zu­setzen und Priori­täten zu setzen.",18,0.16666666666666666,0.16666666666666666,11r2
2016,"Regelmäßige Befragungen, Expertengespräche, Mitgliedschaften und Konferenzen stärken unsere Feedbackkultur. Wir befragen nicht nur, sondern handeln entsprechend. 2016 führten wir, wie oben bereits erwähnt, zum Beispiel eine „Sauberkeitskonferenz“ und einen „Recyclinggipfel“ als Austauschplattform durch.","Das Interesse unserer Stakeholder an unseren Dialogformaten ist groß und dient nicht nur dem Wissenstransfer, sondern vor allen Dingen der Diskussion offener Fragen.",9,0.6666666666666666,0.33333333333333337,14r2
2016,"Durch den offenen Dialog zwischen Mitarbeiter und der Führungskraft wird die Leistungsfähigkeit und -bereitschaft erhalten, gefördert und gesichert. Die [NAME] weist ihre Mitarbeiter in das Umwelt, Arbeitssicherheits- und Energiemanagementsystem ein und ermittelt regelmäßig den Qualifikations- und Schulungsbedarf. Formell geregelt sind zudem für jeden Mitarbeiter der [NAME], [NAME] und [NAME] Pflichtunterweisungen zu allgemeinen (bspw. zum Managementsystem Arbeitssicherheit, zu allgemeinen Arbeitsschutzvorschriften in der Produktion und dem Verhalten in medizinischen Notfällen) und tätigkeitsbezogenen Themen (bspw. persönliche Schutzausrüstung / Hautschutz) sowie ggfs. zu speziellen Tätigkeiten (bspw. Laser- und Strahlenschutz) und Gefahrstoffen.","Die Unterweisungen werden in einer Unterweisungsmatrix dokumentiert, so dass der Bedarf individuell ermittelt werden kann.",6,1.0,0.0,15r2
2016,"Ein detailliertes internes Lieferantenbewertungssystem, welches wir mit eigenen Mitarbeitern durch Stichproben vor Ort bei ausgewählten Lieferanten kontrollieren, dokumentieren diesen Anspruch. Für Plakate, Publikationen und Werbematerial achten wir bereits seit einiger Zeit darauf, daß der Rohstoff aus zertifizierter Forstwirtschaft stammt und klimaneutral gedruckt wurde. Darüber hinaus wird seit 2016  im gesamten Unternehmen auf Recyclingpapier gedruckt.","70 Prozent unserer Kundenanschreiben an Händler und Gastronomen erfolgen elektronisch, also papierlos.",19,1.0,0.0,16r2
2016,"Aufgrund wachsender ökologischer und sozialer Herausforderungen sind viele Ökosystemleistungen gefährdet, auf die wir direkt oder indirekt angewiesen sind. Natürliche kosmetische Wirkstoffe und Rohstoffe für die Produktherstellung sind Beispiele, bei denen wir auf eine intakte Natur angewiesen sind. Zunehmende Umweltkatastrophen und die Erderwärmung sind Risiken, auf die wir uns zukünftig vorbereiten müssen.",Aber auch synthetische Wirk- und Rohstoffe sowie die Verpackung und Entsorgung der Produkte spielen bei der Betrachtung der wesentlichen Nachhaltigkeitsthemen eine beachtliche Rolle.,10,0.16666666666666666,0.16666666666666666,18r2
2016,"Das genossenschaftliche Wirtschaften zeichnet sich durch eine besondere Wertefundierung aus. Ihre starke regionale Verankerung im Großraum Dortmund sowie die feste Bindung an ihre Mitglieder wirken dadurch positiv auf die kommunalen bzw. regionalen Strukturen. In ihrem Engagement bezieht die Genossenschaft - über die Wohngebäude hinaus - immer auch das Wohnumfeld mit ein und engagiert sich gemeinsam mit lokalen Akteuren, Kooperationspartnern sowie den Stadtverwaltungen für eine bedarfsgerechte Infrastruktur, für funktionierende Nachbarschaften, die sozialräumliche Integration verschiedener Bewohnergruppen und eine identifikationsstiftende Freizeitgestaltung miteinander und im Grünen direkt vor der eigenen Tür.","Damit bildet die [NAME] in Dortmund, Unna und Holzwickede einen Stabilitätsfaktor für eine soziale Stadt.",8,0.3333333333333333,0.0,19r2
2016,In Zusammenarbeit mit dem Betriebsrat und Führungskräften verschiedener Bereiche hat die Geschäftsleitung im Jahr 2015 die “[NAME] Richtschnur” als gemeinsames Regelwerk für die Zusammenarbeit im Unternehmen entwickelt. Mitarbeiterinnen und Mitarbeiter werden über vielfältige Feedbackmechanismen sowie einer jährlich stattfindenden Mitarbeiterbefragung im Nachhaltigkeitsmanagement eingebunden. Wesentlicher Bestandteil unserer Führungsstrategie ist eine aktive Beteiligung der Mitarbeiter an der Entwicklung des Unternehmens.,Eine tatkräftige Mitgestaltung jedes einzelnen Mitglieds des [NAME]-Teams ist ausdrücklich erwünscht und wird durch unterschiedliche Maßnahmen gefördert.,2,0.5,0.16666666666666666,23r2
2016,Bisher wird nur von einem geringen Anteil der Standorte Strom aus erneuerbaren Energien bezogen: 15 Standorte sowie 42 OIL! Tankstellen beziehen einen Anteil von mehr als 20 Prozent Ökostrom in ihrem Strommix. Seit dem Umzug in die neue Firmenzentrale beziehen sowohl die Holding-Büros der Tochtergesellschaften als auch die [NAME] selbst Ökostrom.,"Eine größere Eigenerzeugung findet allerdings nur in wenigen Fällen statt, wie z.B. in der [NAME] Biogasanlage in Namakkal, Indien.",19,0.8333333333333333,0.16666666666666669,25r2
2016,"An dessen Vermeidung arbeitet [NAME] kontinuierlich. Durch Investitionen in nachhaltige Lösungen ist [NAME] bestrebt, den eigenen Ressourcenverbrauch und den Verbrauch von Kunden in nachgelagerten Industrien zu reduzieren, wo diese Lösungen den Kunden beispielsweise ermöglichen, den Einsatz von recycelten Einsatzstoffen zu erhöhen. [NAME] ist bestrebt, die Nachhaltigkeit der eigenen Produkte während ihres gesamten Lebenszyklus nach international anerkannten Standards zu bewerten und nutzt dazu Lebenszyklusanalysen (Life Cycle Assessment, LCA).","Diese Analysen zeigen Verbesserungspotenziale für bestehende Produkte auf, liefern auch wichtige Erkenntnisse über Ressourcenmanagement (Rohstoffe, Energie, Wasser und Abfall), Produktionsprozesse oder Anwendungseffizienz und fördern so Innovationen sowie die Entwicklung neuer Produkte und Systeme.",18,0.8333333333333333,0.16666666666666669,26r2
2016,"Eine Beschaffungsrichtlinie wurde erstellt, damit es klare Vorgaben für ökologische und soziale/faire Kriterien gibt Daneben gibt eine Reiserichtlinie Bahn und ÖPNV den Vorzug vor dem Auto. Die Entsprechenserklärung orientiert sich an GRI G4 und den sich daraus vorgegeben Indikatoren.",Die Kennzahlen für ein Energieaudit nach DIN EN 16247-1 werden kontinuierlich erfasst und abgeglichen.,6,1.0,0.0,30r2
2016,"Weitere wichtige Aspekte zur kontinuierlichen Verfolgung der Strategie sind allgemeine Verhaltensgrundsätze als auch die Führungsgrundsätze und -prinzipien. Zu den allgemeinen Verhaltensgrundsätzen zählen zum Beispiel die Einhaltung von Recht, Gesetz und betrieblichen Normen, Loyalität gegenüber den Bankinteressen und die Wahrung des Bankgeheimnisses. Auf Basis der Grundwerte verpflichten sich die Führungskräfte der Bank, ihr Führungsverhalten an den festgelegten Grundsätzen auszurichten.",Der schriftlich festgelegte e-Ethikkodex (siehe e-Ethikkodex) gibt einen Überblick über die Unternehmensphilosophie der Bank.,1,1.0,0.0,32r2
2016,"Um dies zu begünstigen, setzt [NAME] auf flache Hierarchien, umfassende und wechselnde Tätigkeitsspektren, ein hohes Maß an persönlichen Freiheiten am Arbeitsplatz, sowie intensive und offene Kommunikation. Gezielte Fortbildung, regelmäßige Mitarbeiterworkshops und Firmenevents sowie Mitarbeiterbefragungen sind selbstverständlich. Familiäres und soziales Engagement wird begrüßt und berücksichtigt.",Themen wie Arbeitssicherheit und ergonomische Arbeitsplatzgestaltung werden stetig geprüft und entsprechend sinnvoller Kosten-Nutzen-Aspekte optimiert.,16,0.6666666666666666,0.0,33r2
2016,"Aus diesem Grund stellt [NAME] auch in dieser Hinsicht hohe Anforderungen an seine Lieferanten. Im Beschaffungsprozess werden neben anderen Aspekten auch ökologische, ökonomische und soziale Aspekte berücksichtigt. Bei Lieferanten, die gemäß der BSCI-Richtlinien in als kritisch eingestuften Regionen ansässig sind, werden regelmäßig Lieferantenaudits durchgeführt.","Besondere Bedeutung kommt dabei der Einhaltung der gesetzlichen Vorschriften im Bereich Arbeitszeiten, Arbeitssicherheit und Gesundheitsschutz, Umweltschutz sowie dem Verbot von Kinderarbeit zu.",4,0.5,0.16666666666666666,34r2
2016,"Zwei Beschäftigte haben einen Migrationshintergrund (Syrien und Serbien). Für Geschäftsführung, Mitarbeiter und Mitarbeiterinnen gehört Chancengleichheit zum Selbstverständnis. Bei der Auswahl neuer Mitarbeiterinnen und Mitarbeiter wird hauptsächlich nach Qualifikation entschieden.","Um die Belegschaft langfristig an das Unternehmen zu binden und Gesundheitsprävention zu fördern, gibt es verschiedene Angebote des Arbeitgebers.",15,0.5,0.5,35r2
2016,Sport: 72.000 Euro. Kinder & Bildung: 110.000 Euro. Hierbei lag der Fokus aber nicht ausschließlich auf Geldzuwendungen.,In ca. 150 Schulstunden haben unsere Mitarbeiter den Schülern Grundlagen der Wirtschaft (z. Bsp. CSR-Seminar-Kurse und Schüler-Firmen) oder aber Informationen zu den Themen Bewerbung oder richtige Erstellung von Seminararbeiten vermittelt.,1,1.0,0.0,37r2
2016,Darüber hinaus arbeiten wir mit der [NAME] zusammen und unterstützen die Informationsplattform [KONTAKT]. 3. Rückverfolgbarkeit und Lebensmittelsicherheit Transparenz in der Wertschöpfungskette ist für uns und unsere Kunden besonders wichtig.,"Deshalb ist jede Möhre in ein System eingebunden, welches den Weg vom Feld bis zum Verbraucher rückverfolgbar macht.",13,0.6666666666666666,0.33333333333333337,40r2
2016,"Alle anfallenden Tätigkeiten, wie Gründungsakt, Festlegung der organisatorischen Abläufe, Anbahnung von Kontakten zu künftigen Kunden und die Entwicklung unseres Produktes wurden von den Gesellschaftern ehrenamtlich durchgeführt. Für die Frühentwicklungsphase, d.h. die Phase der Markteinführung, wird eine Bezahlung von Tätigkeiten auf Projektbasis durchgeführt. Diese orientiert sich am Ausbildungsniveau, dem Kenntnisstand, der erforderlichen Tätigkeit und der branchenüblichen Bezahlung.","Unsere Bezahlung muss den Lebensunterhalt und darüber hinaus einige zusätzliche Ausgaben, sowie ein Mindestmaß an erspartem Vermögen ermöglichen.",12,0.3333333333333333,0.3333333333333333,41r2
2016,"Dabei orientiert sich das Unternehmen an den Wünschen der Kunden und den Möglichkeiten der Auftraggeber. Diese profitieren davon, dass die [NAME] die Produkte und Services weiter verbessern, immer effizienter wirtschaften, so dass sich Kosten moderat entwickeln und durch das Handeln die Umwelt, das Klima und die natürlichen Ressourcen in Köln und der Region geschützt werden. Damit sich heutige und künftige Generationen gleichermaßen auf eine funktionierende Infrastruktur und auf hohe Ver- und Entsorgungsstandards verlassen können, investiert das Unternehmen beständig in den Erhalt und den Ausbau der Infrastruktur.","Die [NAME] analysieren regelmäßig die Ergebnisse der eigenen Arbeit, um Gefährdungen der Wasserqualität frühzeitig zu erkennen und im ggf. zu reagieren.",11,0.6666666666666666,0.0,42r2
2016,Wir treten gegen jede Form der Zwangsarbeit im Sinne der ILO Kernarbeitsnormen ein. Wir treten gegen Kinderarbeit im Sinne der ILO Kernarbeitsnormen ein. Wir ermöglichen unseren Mitarbeitern Vereinigungsfreiheit und Kollektivverhandlungen.,Wir treten gegen jede Form von Korruption und Bestechung ein.,11,0.16666666666666666,0.16666666666666666,43r2
2016,"Alle Leistungsindikatoren werden jährlich von den zuständigen Abteilungsleitern und ihren Spezialisten kontrolliert, prüfungssicher dokumentiert und dem Nachhaltigkeitsbeauftragten (s. Kriterium 5) zur Veröffentlichung gemeldet. Unsere Finanzpartner (z. B. [NAME], [NAME] und andere großen Emittenten) bieten als nachhaltig zertifizierte Produkte an. In enger Kooperation bauen wir das Angebot an nachhaltigen Produkten aus.","Durch die regelmäßige Erhebung unserer Nachhaltigkeitsleistungen werden für uns Umsetzungen und Entwicklungspotenziale sichtbar, um darauf aufbauend ein detailliertes Nachhaltigkeits-Monitoring als Steuerungssystem zu etablieren.",14,0.6666666666666666,0.0,45r2
2016,"Ein Bewerten und Priorisieren der Ziele des [NAME] ist nicht sinnvoll – die Ziele stehen gleichwertig nebeneinander. Der [NAME] verfügt über Ethikrichtlinien, zu deren Einhaltung sich alle Mitglieder schriftlich verpflichten und über die sich die Mitglieder im Rahmen regelmäßiger Supervisionen austauschen. Die Ethikrichtlinien wurden unter Berücksichtigung der Nachhaltigkeitskriterien erstellt.","Darüber hinaus gibt es Zertifizierungsrichtlinien, aus denen eine regelmäßige Rezertifizierung (alle 3 Jahre) der Mitglieder resultiert.",19,1.0,0.0,48r2
2016,"Der Ressourcenverbrauch liegt hier im Wesentlichen in Büromaterial, Heizung, Strom und zu einem geringen Teil in Wasser. Im Marketingbereich werden v.a. Printmedien in Form von Flyern verteilt. In den Shops (nur an den Standorten Rügen, Schwarzwald und Saarschleife) werden hauptsächlich regionale und nachhaltige Produkte angeboten.","Hier lautet das Motto: ""Fair - Sinnvoll - Nützlich"".",4,0.0,0.0,49r2
2016,"[NAME] findet sich hier somit in guter Gesellschaft wieder. Trotz der vielen Standortvorteile ist das Ruhrgebiet immer noch eine zum Teil strukturschwache Region, in der der Anteil der sozialschwachen Bevölkerungsgruppen steigt und die Ungleichheit der Lebenschancen wächst. Als Wirtschaftsakteur mit Sitz in Herne (und Dortmund) sind wir uns unserer gesellschaftlichen Verantwortung, die mit dem Standort einhergeht, bewusst.","Daher setzen wir uns in der Region und auch darüber hinaus für die Förderung sozial Benachteiligter ein und arbeiten in unterschiedlichen Konstellationen daran mit, die Region zu einem kulturell aber auch wirtschaftlich starken Standort weiterzuentwickeln.",11,0.3333333333333333,0.0,50r2
2016,"Im Rahmen von Stadtfahrten wird ein Elektroauto eingesetzt, für 2017 ist die Anschaffung eines weiteren bereits geplant. Zudem wird auf dem Auto, auf der Homepage sowie auf dem Briefpapier Werbung für Ökostrom gemacht. Durch den Verzicht auf Kundenunterschriften bei verschiedenen Geschäftsvorfällen konnte durch die Reduzierung von Unterlagen zudem der Papierverbrauch verringert werden.","Bei der Anlage von Kapital gilt es verstärkt, den Kunden der [NAME] zu modernen Finanzdienstleistungen zu verschaffen.",10,0.0,0.0,52r2
2016,"Der [NAME] organisiert die Willensbildung innerhalb der Gruppe. Die [NAME] unterliegt allen für die Finanzdienstleistungsbranche relevanten Gesetzgebungsverfahren. Darüber hinaus unterliegt sie speziell in Bayern dem bayerischen Sparkassen- und Bankaufsichtsrecht (z.B. SpkG, SpkO).",Wir fördern den Mittelstand und sind traditionell fest in unserer Region verwurzelt. ,1,0.0,0.0,53r2
2016,"Anfang 2016 wurde eigens ein Stakeholder-Dialog durchgeführt, dem sich eine Wesentlichkeits-Analyse anschloss. Hieraus ergaben sich in den Nachhaltigkeitsbereichen Soziales und Ökonomie mehrere Handlungsfelder, um das Unternehmen nachhaltig aufzustellen (siehe Kriterium 3). Diese konzentrieren sich schwerpunktmäßig auf zwei Bereiche der Wertschöpfungskette: Politik und Strategie sowie Personalmanagement.","Die zentrale Erkenntnis war, dass durch das starke Unternehmens-Wachstum in den letzten Jahren die Kommunikation und das ""Wir-Gefühl""innerhalb der Firma nicht in gleichem Maß Schritt gehalten hatte – und deshalb anzupassen ist.",14,0.16666666666666666,0.16666666666666666,55r2
2016,"Im Jahr 2016 wurde für diesen Zweck die Stelle eines Fachspezialisten politische Kommunikation eingerichtet, dessen Aufgabe es ist, den Bereich politische Kommunikation und Public Affairs bei der [NAME] neu aufzubauen. Hier sollen frühzeitig politische Prozesse identifiziert werden, die Relevanz für die Geschäftsentwicklung haben könnten. Für das Marktsegment Privatkunden sind dies beispielsweise neue Vorschriften zur Online-Legitimation im Zuge von Kontoeröffnungen oder zur Finanzierung von Wohnimmobilien.","Darüber hinaus beobachtet die [NAME] auch Gesetzgebungsprozesse und politische Weichenstellungen in den Zielmärkten, in denen sich unsere Firmenkunden bewegen.",10,0.0,0.0,56r2
2016,"Der kontinuierliche Stakeholderdialog selbst ist bereits heute Bestandteil unserer täglichen Geschäftsprozesse z.B. in Form von Kundengesprächen oder Mitarbeiterbefragungen, durch die Mitarbeit in Gremien oder durch den Dialog mit dem Kapitalmarkt. So veranstaltet die [NAME] regelmäßig z.B. Aviation  Workshops, Hangar Visits oder Investor Information Councils und hat einen Stand auf der Expo Real, wo Fachleute, Investoren, Shareholder und Mitarbeiter miteinander in Kontakt treten und sich über neueste Trends und Erwartungen austauschen können. Daneben besuchen wir alle relevanten Messen und Foren, teilweise als Referenten.","Über den direkten, persönlichen Austausch zwischen Führungskräften einerseits und dem Nachhaltigkeitsteam andererseits, werden die von den Stakeholdern genannten Themen in das Nachhaltigkeitsmanagement der [NAME] eingebracht und in einer jährlich zu erstellenden, nach Wesentlichkeit gegliederten Themensammlung dokumentiert.",14,1.0,0.0,58r2
