Element,All,Train,Dev,Test
abhängig False,3,1,1,1
allein False,1,1,0,0
alt False,1,1,0,0
arm True,3,2,1,0
arm False,3,3,0,0
attraktiv False,2,0,1,1
attraktiv True,1,1,0,0
aufwendig True,1,0,0,1
bekannt False,1,1,0,0
belebt False,1,1,0,0
beredt True,7,4,1,2
beredt False,8,5,1,2
bescheiden False,1,1,0,0
bestimmt False,2,1,1,0
bestimmt True,1,1,0,0
betroffen False,1,1,0,0
beweglich True,1,1,0,0
beweglich False,2,1,0,1
billig True,1,1,0,0
bitter False,2,2,0,0
bitter True,1,1,0,0
blank False,1,1,0,0
blau False,1,1,0,0
blutig False,1,1,0,0
braun False,1,1,0,0
brutal False,2,1,1,0
brutal True,1,0,1,0
bunt False,1,1,0,0
böse False,1,1,0,0
cool True,1,1,0,0
cool False,2,2,0,0
dicht False,1,0,0,1
dick False,3,1,1,1
diktatorisch False,1,1,0,0
dunkel False,5,3,0,2
dunkel True,1,1,0,0
durchsichtig True,1,1,0,0
dynamisch True,1,1,0,0
dynamisch False,2,1,0,1
dünn False,1,0,0,1
düster False,1,1,0,0
ehrlich True,2,1,0,1
ehrlich False,4,2,0,2
eigen False,2,1,0,1
eigen True,1,1,0,0
einfach False,1,1,0,0
einmalig False,3,2,1,0
einmalig True,3,1,1,1
einsam False,1,0,0,1
elektrisch False,6,4,0,2
elektrisch True,4,2,0,2
endlos False,2,1,0,1
endlos True,1,1,0,0
ernst False,2,1,1,0
ernst True,1,1,0,0
fade False,1,1,0,0
falsch False,6,4,0,2
falsch True,4,2,0,2
fantastisch False,3,3,0,0
farbig False,1,1,0,0
faul False,1,1,0,0
fein False,5,3,0,2
fein True,1,1,0,0
feminin False,1,1,0,0
fertig True,1,1,0,0
fertig False,2,2,0,0
fest False,6,4,0,2
fett False,2,2,0,0
fett True,1,1,0,0
flach False,5,3,0,2
flach True,1,1,0,0
frei False,9,6,1,2
frei True,1,0,0,1
freundlich False,1,1,0,0
frisch False,1,1,0,0
fruchtbar True,1,0,1,0
fruchtbar False,5,3,0,2
fröhlich False,1,1,0,0
ganz True,4,2,0,2
ganz False,6,4,0,2
gefällig False,1,1,0,0
geil False,1,1,0,0
geisteskrank True,1,1,0,0
geisteskrank False,2,2,0,0
geschmacklos True,1,0,1,0
gesund False,1,1,0,0
gewiss False,1,1,0,0
glatt True,2,1,0,1
glatt False,4,2,0,2
glänzend True,4,2,0,2
glänzend False,6,4,0,2
glücklich False,2,1,0,1
glücklich True,1,1,0,0
grau True,1,0,1,0
grau False,2,1,1,0
grausam False,1,1,0,0
grob False,2,1,1,0
grob True,1,0,1,0
groß False,1,1,0,0
grün False,3,2,1,0
günstig False,1,1,0,0
hart True,3,2,0,1
hart False,33,23,4,6
heiter False,2,0,0,2
heiter True,1,0,0,1
heiß False,3,2,0,1
heiß True,3,2,1,0
hell True,1,0,1,0
hermetisch False,3,1,1,1
hermetisch True,3,2,1,0
historisch True,4,2,0,2
historisch False,6,4,0,2
hoch True,4,2,0,2
hoch False,6,4,0,2
hölzern True,1,1,0,0
hölzern False,2,1,1,0
kahl False,1,1,0,0
kalt True,2,2,0,0
kalt False,4,2,0,2
karg False,1,1,0,0
kleinkariert False,1,1,0,0
konstitutionell False,1,0,1,0
korrekt False,1,1,0,0
kräftig False,1,1,0,0
kurz False,2,2,0,0
kurz True,1,1,0,0
kühl True,1,1,0,0
kühl False,2,2,0,0
lang False,1,1,0,0
langsam False,1,1,0,0
lauter False,1,1,0,0
lebendig False,1,1,0,0
leer True,3,2,0,1
leicht False,1,1,0,0
liberal False,1,1,0,0
lächerlich False,1,1,0,0
maskulin False,1,0,1,0
massiv True,3,2,0,1
massiv False,3,2,0,1
materiell False,1,1,0,0
matt True,2,0,1,1
matt False,4,2,0,2
mau False,1,0,1,0
medial True,1,1,0,0
menschlich False,1,0,0,1
mild False,3,2,1,0
muffig False,1,1,0,0
musikalisch False,1,1,0,0
mächtig False,2,2,0,0
mächtig True,1,1,0,0
männlich False,1,1,0,0
möglich False,1,1,0,0
nah False,3,2,1,0
nasal False,1,1,0,0
natürlich False,2,2,0,0
natürlich True,1,1,0,0
neu False,1,1,0,0
nieder False,6,4,0,2
nieder True,4,2,0,2
niedrig False,3,3,0,0
normal False,2,1,1,0
normal True,1,0,0,1
notorisch False,1,1,0,0
närrisch False,1,1,0,0
nüchtern True,1,1,0,0
nüchtern False,2,2,0,0
oberflächlich True,1,1,0,0
offen False,5,3,0,2
offen True,1,1,0,0
operativ False,1,1,0,0
ordentlich False,1,1,0,0
organisch True,1,1,0,0
originell False,1,1,0,0
orthodox False,2,1,1,0
orthodox True,1,0,1,0
parallel False,1,1,0,0
peinlich False,1,0,1,0
pikant False,2,2,0,0
pikant True,1,1,0,0
platt False,1,1,0,0
plump False,1,1,0,0
potent False,1,1,0,0
praktisch False,1,1,0,0
preußisch True,2,2,0,0
preußisch False,4,2,0,2
pünktlich False,1,1,0,0
rau False,3,1,1,1
recht False,1,1,0,0
reich False,3,2,0,1
reich True,3,2,0,1
rein False,1,1,0,0
richtig False,1,0,0,1
roh False,2,2,0,0
roh True,1,1,0,0
rot False,1,1,0,0
ruhig False,1,1,0,0
rund False,1,1,0,0
sacht False,1,1,0,0
schamlos True,6,4,0,2
schamlos False,9,6,1,2
scharf False,14,9,2,3
scharf True,1,1,0,0
schlecht False,2,2,0,0
schlecht True,1,0,0,1
schnell False,1,1,0,0
schnöde False,1,1,0,0
schwarz True,5,3,0,2
schwarz False,40,28,6,6
schwer False,1,1,0,0
schüchtern False,1,1,0,0
sicher True,1,1,0,0
sicher False,5,3,0,2
sozial True,4,2,0,2
sozial False,6,4,0,2
spitz False,1,1,0,0
sportlich False,3,1,2,0
stark True,2,2,0,0
stark False,8,5,1,2
starr False,1,1,0,0
steif False,2,1,1,0
steif True,1,1,0,0
streng False,1,1,0,0
stumpf False,2,2,0,0
stumpf True,1,1,0,0
süß False,2,1,0,1
süß True,1,0,1,0
traurig True,2,1,1,0
traurig False,4,2,0,2
trist False,1,0,0,1
trocken False,6,4,0,2
trübe True,2,2,0,0
trübe False,4,2,0,2
unglaublich False,1,1,0,0
unglücklich False,1,1,0,0
unheimlich False,1,1,0,0
unmittelbar False,1,1,0,0
unmöglich False,1,1,0,0
unsportlich False,1,1,0,0
verbindlich False,1,1,0,0
verrückt False,1,1,0,0
verschieden True,1,0,0,1
verschieden False,2,1,0,1
verschlossen False,1,1,0,0
voll False,1,1,0,0
weiblich False,1,1,0,0
weit False,1,0,0,1
weiß False,1,1,0,0
wild False,1,1,0,0
wirtschaftlich False,1,0,1,0
wörtlich False,1,0,1,0
würdig False,1,0,1,0
zurückhaltend False,1,1,0,0
zweifelhaft False,2,0,2,0
zweifelhaft True,1,1,0,0
zäh False,1,0,1,0
ärmlich True,2,1,0,1
ärmlich False,4,2,0,2
öde False,1,0,1,0
AG False,1,1,0,0
Abbau False,6,4,0,2
Abbildung False,1,1,0,0
Abbruch False,2,2,0,0
Abbruch True,1,1,0,0
Abfahrt True,3,2,0,1
Abfahrt False,3,2,1,0
Abfall False,1,1,0,0
Abfertigung False,1,0,1,0
Abfluss False,1,0,0,1
Abfuhr False,1,0,1,0
Abgabe False,3,2,0,1
Abhandlung False,1,0,0,1
Abkürzung True,3,2,0,1
Abkürzung False,3,1,1,1
Ablehnung False,1,1,0,0
Ablenkung True,1,1,0,0
Ablenkung False,2,2,0,0
Abmessung False,1,1,0,0
Abnahme False,1,1,0,0
Abrechnung False,1,1,0,0
Abriss False,1,1,0,0
Abruf False,1,1,0,0
Absage False,1,0,1,0
Absatz False,3,2,0,1
Abschirmung False,3,3,0,0
Abschluss False,10,7,1,2
Abschnitt False,1,1,0,0
Abseits False,1,1,0,0
Absonderung False,1,1,0,0
Abstand False,1,1,0,0
Abstieg False,3,2,0,1
Abwertung False,1,1,0,0
Abzug False,6,4,0,2
Achse False,2,2,0,0
Achse True,1,1,0,0
Achtung False,1,0,0,1
Admiral False,1,1,0,0
Adresse False,5,3,0,2
Adresse True,1,1,0,0
Affäre False,1,0,1,0
Afghane True,3,1,1,1
Afghane False,3,3,0,0
Agent False,1,1,0,0
Aggression False,1,0,0,1
Ahnung False,1,0,0,1
Akklamation False,2,1,1,0
Akklamation True,1,1,0,0
Akkumulator False,1,0,1,0
Akt False,1,1,0,0
Akteur False,1,0,1,0
Akzent False,9,6,1,2
Akzent True,6,4,0,2
Alb False,1,1,0,0
Alibi True,3,2,0,1
Alibi False,3,3,0,0
Alkohol False,1,1,0,0
Alt False,3,1,1,1
Alternative False,2,2,0,0
Alternative True,1,0,0,1
Amerikaner False,2,2,0,0
Amerikaner True,1,0,1,0
Anachronismus True,1,1,0,0
Anatomie False,2,2,0,0
Anatomie True,1,1,0,0
Anbau True,6,4,0,2
Anbau False,15,10,2,3
Anblick False,1,1,0,0
Andacht False,1,0,0,1
Andenken False,1,0,0,1
Andrang True,1,1,0,0
Andrang False,2,0,1,1
Anerkennung False,1,1,0,0
Anfahrt False,1,0,1,0
Anforderung False,1,1,0,0
Angebot False,12,8,1,3
Angebot True,9,6,1,2
Angelegenheit False,1,1,0,0
Anhang False,1,0,0,1
Anhänger False,3,2,0,1
Anklage True,1,0,0,1
Anklage False,2,1,1,0
Anklang False,1,0,0,1
Anlage False,6,4,0,2
Anlass False,2,2,0,0
Anlass True,1,1,0,0
Annahme False,2,0,1,1
Annahme True,1,1,0,0
Annäherung False,2,1,0,1
Annäherung True,1,0,1,0
Anordnung True,1,1,0,0
Ansatz False,5,3,0,2
Ansatz True,1,1,0,0
Anschlag False,1,1,0,0
Anschluss False,1,0,0,1
Ansehen False,1,1,0,0
Ansicht False,1,1,0,0
Anstellung False,1,1,0,0
Anstieg True,1,1,0,0
Anstieg False,2,1,0,1
Anstoß False,1,1,0,0
Antrieb False,1,0,0,1
Antritt False,1,1,0,0
Anweisung False,1,1,0,0
Anwendung False,3,3,0,0
Anzeige False,5,3,0,2
Anzeige True,1,0,0,1
Anziehungskraft False,1,1,0,0
Apologie True,1,1,0,0
Apparat False,1,0,1,0
Applikation False,1,1,0,0
Araber True,1,0,1,0
Araber False,2,1,0,1
Arbeit False,17,11,2,4
Arbeit True,4,2,0,2
Arbeitskraft False,1,1,0,0
Arbeitsplatz False,1,0,0,1
Architektur False,3,3,0,0
Archiv True,1,0,1,0
Archiv False,2,2,0,0
Argument False,1,0,1,0
Art False,5,3,0,2
Art True,1,1,0,0
Artikel False,1,1,0,0
Aspiration True,2,1,1,0
Aspiration False,8,5,1,2
Ass False,1,1,0,0
Asyl False,1,0,0,1
Atlas False,2,2,0,0
Atlas True,1,1,0,0
Atmosphäre False,3,2,1,0
Atrium True,9,6,1,2
Atrium False,27,18,4,5
Attacke False,1,1,0,0
Attraktion False,1,1,0,0
Attraktivität False,1,1,0,0
Auditorium False,1,1,0,0
Aufbau False,3,2,1,0
Aufenthalt False,1,1,0,0
Auffahrt False,1,1,0,0
Auffassung False,1,1,0,0
Aufgabe False,1,0,1,0
Aufgang False,1,0,0,1
Aufgebot True,3,2,0,1
Aufgebot False,3,0,1,2
Aufklärung True,3,0,3,0
Aufklärung False,3,2,1,0
Auflage False,1,0,1,0
Auflauf False,1,0,1,0
Auflösung False,1,1,0,0
Aufmerksamkeit False,1,1,0,0
Aufnahme False,19,13,2,4
Aufnahme True,2,2,0,0
Aufregung False,1,1,0,0
Aufschlag False,1,1,0,0
Aufschwung False,3,2,0,1
Aufsicht False,1,1,0,0
Aufstieg False,5,3,0,2
Aufstieg True,1,0,1,0
Auftakt False,1,0,0,1
Aufteilung False,1,1,0,0
Auftrieb False,3,2,0,1
Ausblick False,1,0,0,1
Ausbruch True,1,1,0,0
Ausbruch False,9,6,1,2
Ausdehnung False,1,1,0,0
Ausdruck True,4,2,0,2
Ausdruck False,6,4,0,2
Ausfahrt False,1,0,1,0
Ausführung False,6,4,0,2
Ausgabe False,6,4,0,2
Ausgang True,7,4,1,2
Ausgang False,8,5,1,2
Aushilfe False,1,1,0,0
Aushängeschild False,2,1,0,1
Aushängeschild True,1,1,0,0
Ausladung False,1,1,0,0
Auslage True,1,1,0,0
Auslage False,2,2,0,0
Auslöser False,2,1,1,0
Auslöser True,1,1,0,0
Ausmaß False,2,1,0,1
Ausmaß True,1,1,0,0
Aussage False,1,0,1,0
Ausscheidung False,1,0,1,0
Ausschlag False,1,1,0,0
Ausschnitt False,4,2,0,2
Ausschnitt True,2,1,1,0
Ausschuss False,1,0,1,0
Aussicht False,1,1,0,0
Aussprache False,4,2,0,2
Aussprache True,6,4,0,2
Ausstand False,1,1,0,0
Ausstattung False,5,3,0,2
Ausstattung True,10,7,1,2
Australien True,1,0,1,0
Australien False,2,2,0,0
Auswahl False,1,1,0,0
Auszeichnung False,5,3,0,2
Auszeichnung True,1,1,0,0
Auszug False,6,4,0,2
Automat False,1,1,0,0
Autorität False,1,0,0,1
Außenseiter False,1,0,1,0
Avatar False,2,2,0,0
Avatar True,1,0,0,1
BRD False,1,1,0,0
Backe False,3,2,1,0
Bad False,3,2,1,0
Bahn False,14,9,2,3
Bahn True,1,1,0,0
Ballen False,1,1,0,0
Band True,2,2,0,0
Band False,4,2,0,2
Bande False,3,0,2,1
Bank False,1,1,0,0
Bann True,1,1,0,0
Bann False,2,1,0,1
Bar False,1,1,0,0
Basis False,3,1,1,1
Bastard True,1,1,0,0
Bau False,6,4,0,2
Bauelement False,1,1,0,0
Bauer False,1,1,0,0
Baum True,1,1,0,0
Baum False,2,1,0,1
Baustein True,2,1,1,0
Baustein False,4,2,0,2
Bedenken False,2,1,0,1
Bedenken True,1,1,0,0
Bedeutung False,5,3,0,2
Bedeutung True,1,1,0,0
Bedienung False,3,2,1,0
Bedingung False,1,1,0,0
Bedürfnis False,1,1,0,0
Befehl True,1,1,0,0
Befehl False,2,1,1,0
Befreiung False,5,3,0,2
Befreiung True,1,1,0,0
Beförderung False,1,1,0,0
Behandlung True,1,1,0,0
Behandlung False,2,2,0,0
Beichte True,2,2,0,0
Beichte False,4,2,0,2
Beihilfe False,1,0,0,1
Beilage False,1,1,0,0
Bein True,3,2,1,0
Bein False,7,4,1,2
Beispiel True,2,1,0,1
Beispiel False,4,2,0,2
Beitrag False,2,2,0,0
Beitrag True,1,1,0,0
Belastung False,1,1,0,0
Benutzer False,1,1,0,0
Beobachtung False,1,0,1,0
Bequemlichkeit False,1,1,0,0
Berechnung False,1,0,0,1
Bereich False,1,1,0,0
Bereitschaft False,4,2,0,2
Bereitschaft True,2,1,1,0
Berg False,4,2,0,2
Berg True,6,4,0,2
Bern False,2,2,0,0
Bern True,1,1,0,0
Berufung False,13,9,1,3
Berufung True,2,2,0,0
Berühmtheit False,1,1,0,0
Bescherung False,2,2,0,0
Bescherung True,1,1,0,0
Beschäftigung False,1,1,0,0
Besetzung True,12,8,1,3
Besetzung False,24,16,3,5
Bestand False,1,1,0,0
Bestellung False,1,1,0,0
Bestie False,2,1,1,0
Bestie True,1,0,0,1
Bestimmung False,10,7,1,2
Besuch False,2,2,0,0
Besuch True,1,1,0,0
Beteiligung False,1,1,0,0
Betonung False,3,3,0,0
Betonung True,3,2,1,0
Betrieb False,3,2,1,0
Betätigung True,2,1,0,1
Betätigung False,4,2,0,2
Beule False,1,1,0,0
Bewegung False,9,6,1,2
Bewegung True,1,1,0,0
Bewährung False,1,0,1,0
Bezug False,1,1,0,0
Bildung True,6,4,0,2
Bildung False,9,6,1,2
Birke False,1,1,0,0
Birne False,1,1,0,0
Bissen False,1,1,0,0
Bitterling False,1,0,1,0
Blase False,1,1,0,0
Blatt False,6,4,0,2
Blech False,1,0,0,1
Blick True,2,2,0,0
Blick False,8,5,1,2
Block False,3,2,1,0
Blume False,1,1,0,0
Blöße True,1,1,0,0
Blüte False,3,3,0,0
Bock False,3,1,1,1
Boden False,5,3,0,2
Boden True,1,1,0,0
Bogen False,6,4,0,2
Bohrung False,1,1,0,0
Bord False,1,1,0,0
Bordeaux False,1,1,0,0
Bosheit False,1,0,1,0
Botschaft True,1,1,0,0
Botschaft False,2,1,1,0
Box False,1,1,0,0
Brache False,1,1,0,0
Brauerei False,1,0,1,0
Braunelle False,1,1,0,0
Bremse False,2,1,1,0
Bremse True,1,1,0,0
Brenner False,3,2,0,1
Brett False,2,1,0,1
Brett True,1,0,1,0
Brot False,2,1,1,0
Brot True,1,1,0,0
Bruch False,6,4,0,2
Bruchstück False,1,1,0,0
Bruder False,1,1,0,0
Brust False,2,1,1,0
Brust True,1,0,1,0
Bube False,1,1,0,0
Buche False,1,0,1,0
Buchsbaum True,2,1,0,1
Buchsbaum False,4,2,0,2
Buchung False,1,1,0,0
Bude False,1,1,0,0
Bug True,4,2,0,2
Bug False,6,4,0,2
Bulle True,3,2,1,0
Bund False,4,2,0,2
Bund True,2,2,0,0
Bundesstaat False,1,0,0,1
Burleske False,1,1,0,0
Bus False,1,1,0,0
Bärentraube False,1,1,0,0
Börse False,1,1,0,0
Büchse False,1,0,0,1
Bügel False,1,0,1,0
Bühne False,1,1,0,0
Bürgschaft False,1,1,0,0
Büttel False,2,2,0,0
Büttel True,1,1,0,0
Cent True,1,1,0,0
Charge True,1,0,0,1
Chiffre False,2,0,2,0
Chiffre True,1,0,0,1
Chili True,2,1,0,1
Chili False,4,2,0,2
Chip False,1,1,0,0
Chor False,3,1,2,0
Crack False,1,1,0,0
Dame False,9,6,1,2
Dame True,1,1,0,0
Damm True,1,0,1,0
Dank True,20,14,3,3
Dank False,25,17,3,5
Darstellung False,1,0,1,0
Datum False,1,1,0,0
Demonstration False,3,3,0,0
Departement True,1,1,0,0
Dependance False,1,1,0,0
Depression False,1,0,1,0
Deputat False,1,1,0,0
Derivat False,1,1,0,0
Desorganisation False,1,1,0,0
Devise True,1,0,1,0
Devise False,2,2,0,0
Dichtung False,1,1,0,0
Diener False,1,1,0,0
Dienst False,1,0,0,1
Dimension True,1,0,1,0
Dimension False,2,0,0,2
Disziplin True,6,4,0,2
Disziplin False,9,6,1,2
Division False,1,1,0,0
Dominikaner False,1,1,0,0
Domäne False,1,0,1,0
Dope False,1,0,0,1
Doppel False,1,0,0,1
Drachen False,1,1,0,0
Druck False,6,4,0,2
Drucker False,2,2,0,0
Drucker True,1,1,0,0
Drücker False,1,1,0,0
Dschibuti False,1,1,0,0
Dummheit False,1,0,1,0
Durchbruch False,1,0,0,1
Dynamik False,3,2,1,0
Ebene False,3,2,0,1
Ecke False,1,1,0,0
Editor False,1,0,1,0
Editorial False,1,0,1,0
Ei True,3,1,1,1
Ei False,3,3,0,0
Eiche False,1,1,0,0
Eichel False,1,0,1,0
Eimer False,1,1,0,0
Einbruch False,1,0,1,0
Einfall False,1,1,0,0
Einführung True,4,2,0,2
Einführung False,11,7,1,3
Eingabe False,1,1,0,0
Einheit True,4,2,0,2
Einheit False,11,7,1,3
Einladung False,1,1,0,0
Einrichtung False,1,1,0,0
Einschlag False,10,7,1,2
Einsicht True,1,1,0,0
Einsicht False,2,1,1,0
Einstellung False,3,3,0,0
Einstieg False,2,2,0,0
Einstieg True,1,1,0,0
Eintritt False,5,3,0,2
Eintritt True,1,1,0,0
Einwurf False,1,0,0,1
Eis False,1,0,0,1
Eiweiß False,1,1,0,0
Ekel True,3,3,0,0
Ekel False,3,3,0,0
Element False,6,4,0,2
Elf True,1,1,0,0
Elf False,2,1,1,0
Empfang False,6,4,0,2
Empfehlung False,1,0,0,1
Empfindung False,1,1,0,0
Empfänger False,1,1,0,0
Ende False,5,3,0,2
Ende True,1,0,1,0
Energie False,2,2,0,0
Energie True,1,1,0,0
Engagement True,1,1,0,0
Engagement False,2,2,0,0
Ensemble True,3,3,0,0
Ensemble False,3,2,1,0
Ente False,2,0,1,1
Ente True,1,0,1,0
Entfernung False,1,1,0,0
Entwickler False,1,0,0,1
Entwicklung False,3,2,0,1
Entwurf False,1,1,0,0
Entzug True,1,0,1,0
Entzug False,2,1,1,0
Episode False,1,1,0,0
Erbe False,1,1,0,0
Erbse False,1,1,0,0
Erde False,2,2,0,0
Erde True,1,0,0,1
Erfindung False,1,0,1,0
Erhebung False,2,1,0,1
Erhebung True,1,1,0,0
Erklärung False,6,4,0,2
Erleichterung False,3,3,0,0
Erlkönig False,1,1,0,0
Erscheinung False,1,1,0,0
Erzeuger False,1,1,0,0
Erziehung False,2,2,0,0
Erziehung True,1,1,0,0
Erzählung False,1,1,0,0
Esche False,1,1,0,0
Esel False,1,0,1,0
Essen False,3,2,0,1
Eule False,3,2,0,1
Explosion True,6,4,0,2
Explosion False,9,6,1,2
Export True,1,1,0,0
Export False,2,1,1,0
Exposition False,3,1,1,1
Fach False,1,1,0,0
Fachbereich False,1,1,0,0
Faktor False,1,1,0,0
Fall False,12,8,1,3
Fall True,3,1,2,0
Falle False,1,1,0,0
Fanfare False,1,1,0,0
Farbe False,3,3,0,0
Fassade False,1,0,1,0
Fassung True,1,1,0,0
Fassung False,2,1,0,1
Faultier False,1,1,0,0
Fax False,1,1,0,0
Feder False,1,1,0,0
Federball False,1,1,0,0
Fehltritt True,4,2,0,2
Fehltritt False,6,4,0,2
Feierlichkeit True,2,2,0,0
Feierlichkeit False,4,2,0,2
Feld False,14,9,2,3
Feld True,1,1,0,0
Feldzug False,1,1,0,0
Fenster False,4,2,0,2
Fenster True,6,4,0,2
Festigkeit False,1,1,0,0
Festlichkeit False,2,1,1,0
Festlichkeit True,1,1,0,0
Fett False,3,3,0,0
Fett True,3,2,1,0
Feuer False,9,6,1,2
Feuer True,1,1,0,0
Figur False,9,6,1,2
Figur True,1,1,0,0
Film False,1,0,0,1
Filter False,8,5,1,2
Filter True,2,1,1,0
Fingerhut False,1,1,0,0
Firnis False,1,1,0,0
Fisch False,1,0,1,0
Flasche False,1,1,0,0
Flashback True,2,2,0,0
Flashback False,4,2,0,2
Flechte False,2,1,0,1
Flechte True,1,0,1,0
Fleck True,1,1,0,0
Fleck False,2,2,0,0
Fleisch False,2,0,1,1
Fleisch True,1,1,0,0
Fliege False,1,1,0,0
Flieger False,1,1,0,0
Flipflop False,1,1,0,0
Flor False,1,0,1,0
Florentiner False,3,3,0,0
Flur False,1,1,0,0
Flut False,1,1,0,0
Flügel False,10,7,1,2
Flüssigkeit False,1,0,1,0
Fokus False,1,1,0,0
Folge False,1,1,0,0
Formalität False,1,1,0,0
Format True,6,4,0,2
Format False,4,2,0,2
Formel False,1,1,0,0
Fortschritt True,1,0,0,1
Fotografie False,1,1,0,0
Frage False,1,0,0,1
Franc False,3,2,0,1
Franken False,1,1,0,0
Franzose False,1,1,0,0
Frau True,5,3,0,2
Frau False,16,11,2,3
Fremde True,1,1,0,0
Fremde False,2,1,1,0
Frequenz True,1,0,1,0
Freund False,1,1,0,0
Freundin False,1,0,0,1
Front False,1,0,0,1
Frucht False,1,1,0,0
Fräulein False,1,0,1,0
Fuchs False,3,2,0,1
Fuge False,1,1,0,0
Fulda False,1,1,0,0
Fundament False,1,1,0,0
Funk True,2,1,1,0
Funk False,8,5,1,2
Funktion False,3,2,1,0
Furie False,1,1,0,0
Futter False,1,1,0,0
Fuß True,1,1,0,0
Fuß False,5,3,0,2
Fußball True,2,2,0,0
Fußball False,4,2,0,2
Föhn False,1,1,0,0
Förderung False,1,1,0,0
Führer False,1,1,0,0
Führung False,1,0,0,1
Gabe False,1,1,0,0
Gang False,18,12,2,4
Gang True,3,1,2,0
Garantie False,2,2,0,0
Garantie True,1,1,0,0
Garbe False,1,0,1,0
Garnitur False,2,1,1,0
Garnitur True,1,1,0,0
Gatter False,3,2,1,0
Gebiss False,1,0,1,0
Geflügel True,24,16,3,5
Geflügel False,21,14,3,4
Gefäß False,1,1,0,0
Gegenwart False,1,1,0,0
Gehalt False,3,3,0,0
Gehen False,1,0,0,1
Geist False,1,1,0,0
Gelenk False,1,1,0,0
Geltung False,1,0,1,0
Gemeinderat False,2,1,1,0
Gemeinderat True,1,1,0,0
Genosse False,2,2,0,0
Genosse True,1,1,0,0
Genuss False,1,1,0,0
Gericht False,1,1,0,0
Gerippe False,1,1,0,0
Geschichte False,3,3,0,0
Geschlecht True,1,0,1,0
Geschlecht False,2,2,0,0
Geschmack True,1,1,0,0
Geschmack False,2,0,2,0
Geschoss False,1,1,0,0
Geschwindigkeit False,1,1,0,0
Geschäft False,1,1,0,0
Gesellschaft False,3,3,0,0
Gestalt False,14,9,2,3
Gestalt True,7,4,1,2
Gestänge True,2,1,1,0
Gestänge False,4,2,0,2
Gewalt False,3,2,1,0
Gewebe False,1,1,0,0
Gewicht False,2,2,0,0
Gewicht True,1,1,0,0
Gewährleistung False,2,1,0,1
Gewährleistung True,1,1,0,0
Gigant False,1,1,0,0
Gipfel False,1,0,0,1
Glanz False,1,1,0,0
Glas False,6,4,0,2
Glaube True,2,2,0,0
Glaube False,4,2,0,2
Glied False,1,1,0,0
Glut False,1,1,0,0
Glück True,3,2,1,0
Glück False,3,2,1,0
Goldschmied False,2,1,1,0
Goldschmied True,1,1,0,0
Golf False,3,2,1,0
Gosse False,1,1,0,0
Grad True,3,2,1,0
Grad False,7,4,1,2
Grube False,1,0,1,0
Grund False,3,3,0,0
Gummi False,1,1,0,0
Gunst True,6,4,0,2
Gunst False,9,6,1,2
Gut False,3,3,0,0
Haftung False,1,1,0,0
Hagebutte False,1,1,0,0
Haken False,3,2,0,1
Halt False,6,4,0,2
Hampelmann False,1,0,1,0
Handball False,2,2,0,0
Handball True,1,1,0,0
Handlung False,1,1,0,0
Hang True,1,1,0,0
Hang False,2,1,1,0
Harmonie False,1,1,0,0
Harz True,6,4,0,2
Harz False,9,6,1,2
Hauch True,1,1,0,0
Hauch False,2,1,0,1
Hauer False,1,1,0,0
Haufen False,1,1,0,0
Haupt False,1,1,0,0
Haus False,3,3,0,0
Havarie False,1,1,0,0
Hebel False,1,1,0,0
Heer False,1,1,0,0
Heft False,1,1,0,0
Heide False,1,1,0,0
Heilung False,1,1,0,0
Heim False,1,0,1,0
Held False,1,0,1,0
Herausforderung False,1,1,0,0
Herkunft False,1,1,0,0
Herr False,23,16,3,4
Herr True,5,3,0,2
Herz False,6,4,0,2
Himmel True,3,2,1,0
Himmel False,3,2,1,0
Hindernis True,1,0,1,0
Hintergrund False,2,1,1,0
Hintergrund True,1,0,0,1
Hintermann True,1,0,0,1
Hintermann False,2,1,1,0
Hit False,1,1,0,0
Hof False,3,2,0,1
Holm True,1,0,1,0
Holm False,5,3,0,2
Holocaust True,27,18,4,5
Holocaust False,28,19,4,5
Horizont True,4,2,0,2
Horizont False,6,4,0,2
Hornhaut False,2,1,1,0
Hornhaut True,1,1,0,0
Huhn False,1,1,0,0
Humor True,3,2,0,1
Humor False,3,2,1,0
Hund False,1,1,0,0
Hut False,1,1,0,0
Hydraulik True,4,2,0,2
Hydraulik False,6,4,0,2
Hymne True,1,1,0,0
Hypothek False,1,1,0,0
Hängepartie False,1,1,0,0
Härte False,1,1,0,0
Höhepunkt False,3,0,1,2
Höhepunkt True,3,1,1,1
Hülse False,1,1,0,0
Hülsenfrucht False,1,1,0,0
Hütte True,1,1,0,0
Idee False,1,0,0,1
Imbiss False,1,1,0,0
Immunität False,1,0,1,0
Impetus False,1,1,0,0
Impuls True,1,0,0,1
Impuls False,2,1,0,1
Infrastruktur True,3,3,0,0
Inhalt False,2,1,0,1
Inhalt True,1,1,0,0
Inland False,2,2,0,0
Inland True,1,1,0,0
Instanz False,1,1,0,0
Instrument False,1,0,1,0
Integration False,2,2,0,0
Integration True,1,1,0,0
Interesse False,1,1,0,0
Internationalismus True,3,2,1,0
Intervall False,1,0,1,0
Intonation False,2,2,0,0
Intonation True,1,1,0,0
Iris True,1,1,0,0
Iris False,2,1,1,0
Italiener False,1,1,0,0
Jahrgang False,1,1,0,0
Jargon False,2,2,0,0
Jargon True,1,1,0,0
Java False,2,2,0,0
Java True,1,1,0,0
Joch False,3,2,1,0
Jugend False,1,1,0,0
Jupiter False,1,0,1,0
Jura False,6,4,0,2
Juwel False,1,1,0,0
Kabel False,1,0,1,0
Kacke False,1,1,0,0
Kader False,1,1,0,0
Kaffee False,3,3,0,0
Kahn False,1,1,0,0
Kalb False,1,1,0,0
Kamera False,1,1,0,0
Kamm False,3,2,0,1
Kammer True,1,0,0,1
Kammer False,2,1,1,0
Kanadier False,1,1,0,0
Kanon False,1,1,0,0
Kapazität False,6,4,0,2
Kapelle False,3,1,2,0
Kapelle True,3,2,1,0
Kapsel False,2,1,1,0
Kapsel True,1,0,1,0
Karabiner False,1,0,1,0
Kardinal False,1,1,0,0
Karpfen False,1,1,0,0
Kasse False,3,3,0,0
Kastanie True,1,0,0,1
Kastanie False,2,2,0,0
Kasten True,1,1,0,0
Kasten False,2,2,0,0
Katze False,1,1,0,0
Kegel True,3,1,1,1
Kegel False,12,8,1,3
Keil False,1,1,0,0
Keim False,1,0,0,1
Kelle False,1,1,0,0
Kennwort False,1,0,1,0
Kernsatz False,4,2,0,2
Kernsatz True,6,4,0,2
Kette False,1,1,0,0
Kies False,1,0,0,1
Kirche False,5,3,0,2
Kirche True,1,1,0,0
Kirschbaum False,1,0,0,1
Kiwi False,1,0,0,1
Kladde True,2,2,0,0
Kladde False,8,5,1,2
Klage False,1,1,0,0
Klang False,1,0,0,1
Klappe False,1,1,0,0
Klarheit False,1,1,0,0
Klasse False,3,2,1,0
Klause False,3,1,1,1
Klima False,1,1,0,0
Kluft False,14,9,2,3
Kluft True,7,4,1,2
Knaller False,1,1,0,0
Knappe True,2,1,0,1
Knappe False,4,2,0,2
Knete False,1,1,0,0
Koks True,6,4,0,2
Koks False,9,6,1,2
Kolben False,1,1,0,0
Kolonie False,1,1,0,0
Kommando False,1,1,0,0
Kommissar True,1,1,0,0
Kommissar False,2,2,0,0
Kompanie False,1,1,0,0
Kompetenz False,1,1,0,0
Komposition False,1,0,0,1
Komödie False,1,1,0,0
Kongo True,7,4,1,2
Kongo False,8,5,1,2
Konsequenz False,1,1,0,0
Konserve True,1,1,0,0
Konsistenz True,1,1,0,0
Konstitution False,1,0,1,0
Kontrapunkt True,1,0,1,0
Kontrapunkt False,2,0,2,0
Konvoi False,2,1,1,0
Konvoi True,1,1,0,0
Konzentration False,1,1,0,0
Konzession False,1,1,0,0
Kopf False,1,0,0,1
Koralle False,1,1,0,0
Korn False,3,2,1,0
Korn True,3,2,1,0
Kostbarkeit False,1,1,0,0
Kostüm False,1,1,0,0
Krach False,1,1,0,0
Kraut True,1,0,0,1
Kraut False,2,2,0,0
Krebs False,3,2,0,1
Kreide False,3,3,0,0
Kreislauf False,1,1,0,0
Kreuz False,5,3,0,2
Kreuz True,1,0,1,0
Kreuzer False,1,1,0,0
Kreuzung False,1,1,0,0
Kreuzzug False,2,2,0,0
Kreuzzug True,1,1,0,0
Kristall False,1,1,0,0
Kritik True,2,2,0,0
Kritik False,4,2,0,2
Kuckuck False,1,1,0,0
Kugel True,3,1,1,1
Kugel False,3,2,0,1
Kuh False,1,1,0,0
Kultur False,3,1,1,1
Kultur True,3,2,1,0
Kumpanei False,1,1,0,0
Kumpel False,1,0,0,1
Kunde False,3,3,0,0
Kurs False,16,11,2,3
Kurs True,5,3,0,2
Kätzchen False,1,0,1,0
Köcher False,1,1,0,0
König False,5,3,0,2
König True,1,1,0,0
Körper False,1,0,0,1
Kündigung False,1,0,0,1
Künstler False,1,1,0,0
Kürze False,2,0,1,1
Kürze True,1,1,0,0
Kürzung False,1,1,0,0
Lache False,1,1,0,0
Ladung True,4,2,0,2
Ladung False,6,4,0,2
Lage False,3,1,1,1
Lager False,1,0,0,1
Lamento False,2,1,0,1
Lamento True,1,1,0,0
Lamm False,1,1,0,0
Land False,10,7,1,2
Lappen False,6,4,0,2
Lasagne False,2,2,0,0
Lasagne True,1,1,0,0
Last True,9,6,1,2
Last False,12,8,1,3
Laster False,1,0,0,1
Latte False,1,1,0,0
Laut True,1,0,0,1
Laut False,2,2,0,0
Lawine False,2,0,0,2
Lawine True,1,1,0,0
Leber False,1,0,1,0
Legitimation False,1,0,0,1
Lehre False,1,1,0,0
Leib True,1,0,1,0
Leinwand False,2,1,0,1
Leinwand True,1,0,1,0
Leiste False,1,1,0,0
Leistung False,1,1,0,0
Leiter False,3,3,0,0
Leitung False,4,2,0,2
Leitung True,6,4,0,2
Leitwerk False,1,1,0,0
Lektor False,1,1,0,0
Lektüre False,1,0,0,1
Lenker False,1,1,0,0
Letter True,2,1,1,0
Letter False,4,2,0,2
Lexikon False,2,2,0,0
Lexikon True,1,1,0,0
Liebhaber True,11,7,1,3
Liebhaber False,10,7,1,2
Lieferung False,1,1,0,0
Linie False,3,2,0,1
Linse False,1,1,0,0
Lippe True,1,1,0,0
Liste False,3,1,2,0
Liste True,3,2,0,1
Lobby False,1,0,1,0
Loch False,1,0,1,0
Loge True,1,1,0,0
Loge False,2,1,0,1
Los False,1,1,0,0
Losung False,3,3,0,0
Lunte False,1,1,0,0
Lusche False,1,1,0,0
Lust True,1,0,0,1
Lust False,2,2,0,0
Länge False,2,1,0,1
Länge True,1,1,0,0
Läufer False,1,1,0,0
Löffel True,1,0,0,1
Löffel False,2,1,0,1
Lösung False,5,3,0,2
Lösung True,1,0,1,0
Löwe True,1,1,0,0
Macht False,1,0,1,0
Macke True,9,6,1,2
Macke False,12,8,1,3
Magazin False,1,0,0,1
Magie False,2,1,1,0
Magie True,1,1,0,0
Magister False,1,1,0,0
Mahd True,2,2,0,0
Mahd False,4,2,0,2
Mal False,4,2,0,2
Mal True,2,0,2,0
Maler False,2,2,0,0
Maler True,1,1,0,0
Management False,1,1,0,0
Mandel False,1,1,0,0
Manier False,1,1,0,0
Manipulation False,1,1,0,0
Mann False,2,2,0,0
Mann True,1,1,0,0
Mantel False,1,1,0,0
Manöver False,1,1,0,0
Marginalie True,1,1,0,0
Marionette False,1,0,1,0
Mark False,1,0,1,0
Marke False,1,1,0,0
Markt False,1,0,0,1
Marquis False,1,0,1,0
Masche True,16,11,2,3
Masche False,12,8,1,3
Maschinerie True,3,3,0,0
Masse True,1,1,0,0
Masse False,2,1,1,0
Mast False,1,1,0,0
Material False,1,0,0,1
Maul False,1,1,0,0
Maulwurf False,2,2,0,0
Maulwurf True,1,1,0,0
Maus False,1,1,0,0
Maß False,1,0,1,0
Mechanik False,1,1,0,0
Medizin True,1,1,0,0
Medizin False,2,1,1,0
Meer True,1,0,0,1
Meer False,2,2,0,0
Mehrzahl False,2,2,0,0
Mehrzahl True,1,0,0,1
Meiler False,2,2,0,0
Meiler True,1,1,0,0
Meister True,2,1,1,0
Meister False,8,5,1,2
Melone False,1,0,0,1
Menge True,2,2,0,0
Menge False,8,5,1,2
Mikrowelle False,1,0,0,1
Mine False,1,1,0,0
Missbrauch False,2,2,0,0
Missbrauch True,1,1,0,0
Mission False,3,2,0,1
Mississippi True,6,4,0,2
Mississippi False,9,6,1,2
Mist False,1,0,1,0
Mitte False,1,1,0,0
Mittel False,3,3,0,0
Mittelfeld False,2,2,0,0
Mittelfeld True,1,1,0,0
Mittelpunkt False,1,1,0,0
Mode True,1,0,0,1
Modell False,3,2,0,1
Moderne False,1,0,1,0
Modul True,3,2,0,1
Modus False,9,6,1,2
Modus True,6,4,0,2
Mohn False,1,0,0,1
Mond False,1,0,0,1
Montage False,3,1,2,0
Morgen False,3,2,1,0
Morgen True,3,3,0,0
Motiv False,1,1,0,0
Muff False,2,2,0,0
Muff True,1,1,0,0
Muster False,1,1,0,0
Mut True,11,7,1,3
Mut False,10,7,1,2
Mutter False,1,1,0,0
Mäander False,1,1,0,0
Mädchen False,1,1,0,0
Mädchenname False,1,0,1,0
Möglichkeit False,1,0,1,0
Mörser False,1,1,0,0
Mühle False,1,0,1,0
Müller-Thurgau False,1,1,0,0
Mündung False,1,1,0,0
Münster True,1,1,0,0
Münster False,2,2,0,0
Nachdruck True,1,1,0,0
Nachdruck False,2,2,0,0
Nachfrage False,1,1,0,0
Nachhaltigkeit False,1,1,0,0
Nachricht False,5,3,0,2
Nachricht True,1,1,0,0
Nadel False,1,1,0,0
Nagel False,1,0,0,1
Name False,1,1,0,0
Narbe False,1,1,0,0
Natur False,4,2,0,2
Natur True,6,4,0,2
Neigung True,3,3,0,0
Neigung False,3,2,0,1
Nelke False,1,0,0,1
Nest False,1,0,0,1
Netz False,1,1,0,0
Neutralisation True,1,1,0,0
Neutralisation False,5,3,0,2
Niete False,1,1,0,0
Nikolaus False,1,1,0,0
Nimbus False,1,1,0,0
Niveau False,1,1,0,0
Nonne False,1,0,0,1
Norm False,1,1,0,0
Not False,1,1,0,0
Note False,3,3,0,0
Notruf True,4,2,0,2
Notruf False,6,4,0,2
Novelle False,2,2,0,0
Novelle True,1,1,0,0
Nummer False,1,1,0,0
Nuss False,3,2,0,1
Objekt False,1,1,0,0
Ohio True,1,1,0,0
Ohio False,2,1,0,1
Ohnmacht False,1,1,0,0
Oper False,1,1,0,0
Operation True,3,3,0,0
Opposition False,3,2,1,0
Option True,2,2,0,0
Option False,4,2,0,2
Orden False,1,1,0,0
Ordner False,1,1,0,0
Ordnung True,1,1,0,0
Ordnung False,2,1,0,1
Organ False,2,2,0,0
Organ True,1,0,1,0
Ort True,1,1,0,0
Ort False,2,1,1,0
Osten False,1,0,1,0
Otter False,1,1,0,0
Paar False,1,0,0,1
Pack False,1,1,0,0
Paket False,3,3,0,0
Palette False,1,0,1,0
Pantomime False,1,0,0,1
Panzer False,1,1,0,0
Papier False,1,1,0,0
Paprika False,1,1,0,0
Papyrus False,1,0,0,1
Parabel False,1,0,1,0
Parkett False,3,2,0,1
Partei False,3,1,0,2
Partie False,1,1,0,0
Partikel True,3,1,1,1
Partikel False,3,3,0,0
Partnerschaft False,1,1,0,0
Pass False,1,0,1,0
Passage False,1,0,1,0
Passepartout False,1,1,0,0
Pauker False,1,1,0,0
Penner True,15,10,2,3
Penner False,6,4,0,2
Pension True,1,1,0,0
Pension False,2,1,0,1
Peripherie False,1,1,0,0
Perspektive False,1,1,0,0
Persönlichkeit False,1,1,0,0
Pfeife False,1,0,1,0
Pfeil False,1,1,0,0
Pferd False,5,3,0,2
Pferd True,1,1,0,0
Pflaster False,1,1,0,0
Pflege False,1,0,0,1
Pflichtübung False,2,2,0,0
Pflichtübung True,1,0,1,0
Pfosten False,1,1,0,0
Pfote True,13,9,1,3
Pfote False,15,10,2,3
Pi False,1,1,0,0
Pickel False,1,1,0,0
Pilz False,1,1,0,0
Plan False,1,1,0,0
Plastik True,1,1,0,0
Plastik False,2,1,1,0
Platte False,6,4,0,2
Platz False,9,6,1,2
Platz True,1,1,0,0
Plot False,1,0,1,0
Plunder False,1,1,0,0
Po False,1,1,0,0
Poller False,1,1,0,0
Pony True,2,2,0,0
Pony False,4,2,0,2
Popanz True,1,0,0,1
Portal False,1,0,1,0
Position False,6,4,0,2
Positiv True,1,1,0,0
Posten False,1,1,0,0
Potenz True,2,1,1,0
Potenz False,4,2,0,2
Potpourri False,1,1,0,0
Praxis False,1,1,0,0
Preis False,1,0,1,0
Preiselbeere False,1,1,0,0
Presse False,1,1,0,0
Probe False,1,0,0,1
Produkt False,1,0,1,0
Programm False,6,4,0,2
Prolet False,1,1,0,0
Promenade True,2,2,0,0
Promenade False,4,2,0,2
Protagonist False,2,1,1,0
Protagonist True,1,1,0,0
Protestantismus True,2,2,0,0
Protestantismus False,4,2,0,2
Protokoll False,3,3,0,0
Provider False,1,0,0,1
Prozess False,1,0,1,0
Prädikat True,1,1,0,0
Präsenz True,1,0,0,1
Präsenz False,2,2,0,0
Prüfung False,1,1,0,0
Psychiatrie False,2,1,1,0
Psychiatrie True,1,1,0,0
Punk False,1,0,1,0
Punkt False,5,3,0,2
Punkt True,1,0,1,0
Puppe False,1,1,0,0
Pylon False,3,2,1,0
Päckchen False,1,1,0,0
Quark False,1,1,0,0
Quartett False,1,1,0,0
Quell False,1,0,1,0
Quelle False,1,0,0,1
Raclette False,1,1,0,0
Rad False,1,1,0,0
Radar False,1,1,0,0
Radiant True,2,1,0,1
Radiant False,4,2,0,2
Radio False,1,0,0,1
Rahmen False,3,2,0,1
Rand True,28,19,4,5
Rand False,8,5,1,2
Rat False,1,0,1,0
Ratgeber False,1,1,0,0
Rattenschwanz False,1,0,0,1
Raum False,1,1,0,0
Reaktion False,1,1,0,0
Recht True,1,1,0,0
Recht False,2,1,1,0
Rede False,2,1,1,0
Rede True,1,0,0,1
Referat True,1,1,0,0
Referenz False,5,3,0,2
Referenz True,1,1,0,0
Reflexion False,1,0,0,1
Regel False,3,1,1,1
Regiment False,1,1,0,0
Rehabilitation False,1,0,1,0
Reich False,3,3,0,0
Reihe False,2,2,0,0
Reihe True,1,1,0,0
Reinigung False,1,0,0,1
Reis False,2,1,0,1
Reis True,1,1,0,0
Reiz False,1,1,0,0
Relation False,1,1,0,0
Relegation True,6,4,0,2
Relegation False,9,6,1,2
Repertoire True,4,2,0,2
Repertoire False,6,4,0,2
Reserve False,3,2,1,0
Resonanz False,2,1,0,1
Resonanz True,1,0,1,0
Rhetorik False,2,1,0,1
Rhetorik True,1,1,0,0
Rial False,5,3,0,2
Rial True,1,1,0,0
Riegel False,1,1,0,0
Riemen True,1,0,1,0
Riemen False,2,1,0,1
Riese False,1,1,0,0
Riff False,1,0,0,1
Ring False,1,1,0,0
Riss True,1,1,0,0
Rock False,1,0,0,1
Rolle False,1,1,0,0
Romanisierung False,1,1,0,0
Rondo True,1,1,0,0
Rose True,3,3,0,0
Rost False,1,0,1,0
Rubrik False,1,1,0,0
Ruf False,3,2,1,0
Ruhe True,2,2,0,0
Ruhe False,4,2,0,2
Ruhr False,1,0,1,0
Rumpf False,1,1,0,0
Runde False,3,3,0,0
Rätsel False,3,3,0,0
Rätsel True,3,3,0,0
Rübe True,1,1,0,0
Rückgrat False,2,1,1,0
Rückgrat True,1,1,0,0
Rückmeldung False,1,1,0,0
Rücktritt False,2,2,0,0
Rücktritt True,1,1,0,0
Rüstung False,1,1,0,0
Saat True,3,1,2,0
Saat False,3,1,1,1
Sache False,1,1,0,0
Sackgasse False,1,1,0,0
Saft False,1,1,0,0
Salat False,1,0,1,0
Salz False,2,1,0,1
Salz True,1,1,0,0
Samen False,1,1,0,0
San Marino False,1,0,1,0
Sanktion False,1,1,0,0
Satz False,3,3,0,0
Saum False,1,1,0,0
Schachbrett True,1,1,0,0
Schachbrett False,2,1,1,0
Schachzug False,1,1,0,0
Schaf True,1,1,0,0
Schale False,1,1,0,0
Schalter False,1,1,0,0
Schauer False,1,1,0,0
Schaum False,1,1,0,0
Schauspiel False,1,0,1,0
Scheibe True,1,1,0,0
Scheibe False,5,3,0,2
Schein False,5,3,0,2
Schein True,1,0,1,0
Scheiße False,5,3,0,2
Scheiße True,10,7,1,2
Schicht True,1,1,0,0
Schicht False,5,3,0,2
Schicksal False,1,1,0,0
Schieber False,1,1,0,0
Schiff False,1,1,0,0
Schimmel False,1,1,0,0
Schirm True,1,1,0,0
Schlag False,1,1,0,0
Schleife False,1,0,1,0
Schleim False,1,1,0,0
Schlepper False,3,3,0,0
Schließung False,2,2,0,0
Schließung True,1,0,0,1
Schloss False,1,1,0,0
Schlüssel False,3,2,0,1
Schlüsselwort True,6,4,0,2
Schlüsselwort False,4,2,0,2
Schmarotzer True,2,1,1,0
Schmarotzer False,4,2,0,2
Schmerz False,1,0,1,0
Schmiere False,1,1,0,0
Schnabel False,1,1,0,0
Schnauze False,1,1,0,0
Schnecke False,1,0,1,0
Schneide False,1,1,0,0
Schnitt False,3,3,0,0
Schock False,1,0,0,1
Schokolade False,2,2,0,0
Schokolade True,1,1,0,0
Schoß False,3,1,2,0
Schoß True,3,2,0,1
Schreckgespenst False,1,0,0,1
Schreiben False,4,2,0,2
Schreiben True,6,4,0,2
Schrift True,11,7,1,3
Schrift False,10,7,1,2
Schritt False,1,1,0,0
Schrot False,1,1,0,0
Schule False,3,1,1,1
Schule True,3,2,1,0
Schuppe False,1,0,1,0
Schuppen False,1,1,0,0
Schuss False,9,6,1,2
Schuss True,1,1,0,0
Schwachsinn False,1,0,0,1
Schwamm False,1,1,0,0
Schwan False,1,0,1,0
Schwank False,1,1,0,0
Schwanz False,1,0,1,0
Schwarm False,1,1,0,0
Schwein False,5,3,0,2
Schwein True,1,0,0,1
Schweinerei False,1,0,1,0
Schwelle False,2,1,0,1
Schwelle True,1,1,0,0
Schwester False,3,2,1,0
Schwäche False,3,2,1,0
Schönheit True,3,2,1,0
Schönheit False,3,3,0,0
Schöpfer True,6,4,0,2
Schöpfer False,9,6,1,2
Schüler False,1,1,0,0
Schüssel False,3,2,0,1
Schütze True,1,1,0,0
Schütze False,2,2,0,0
Sediment False,1,1,0,0
See True,1,1,0,0
See False,2,1,0,1
Seele False,2,2,0,0
Seele True,1,1,0,0
Seerose False,1,1,0,0
Segen False,1,1,0,0
Segler False,1,1,0,0
Segregation False,1,1,0,0
Seite False,14,9,2,3
Seite True,1,1,0,0
Sekretär False,3,3,0,0
Sektor False,2,1,1,0
Sektor True,1,1,0,0
Semantik False,1,0,1,0
Sender False,1,1,0,0
Sendung False,1,1,0,0
Senkung False,1,0,1,0
Serie False,1,1,0,0
Server True,2,0,1,1
Server False,4,2,0,2
Service True,1,0,1,0
Service False,2,1,0,1
Sicherheit True,1,0,0,1
Sicherheit False,9,6,1,2
Sicherung False,4,2,0,2
Sicherung True,2,2,0,0
Sicht False,3,1,0,2
Single False,2,1,0,1
Single True,1,1,0,0
Sinn True,4,2,0,2
Sinn False,6,4,0,2
Sirene False,1,1,0,0
Sitz False,5,3,0,2
Sitz True,1,1,0,0
Skorpion False,1,1,0,0
Soll False,1,0,1,0
Solo False,1,1,0,0
Sonne False,1,1,0,0
Sonnenaufgang False,1,1,0,0
Sopran False,1,1,0,0
Sorge False,1,1,0,0
Souveränität False,1,0,1,0
Spalier False,1,1,0,0
Spalte False,1,0,0,1
Spaß True,2,2,0,0
Spaß False,4,2,0,2
Speck True,1,1,0,0
Speck False,2,1,0,1
Speicher False,3,2,0,1
Speise False,1,1,0,0
Sperre False,3,3,0,0
Sperre True,3,2,0,1
Spiel False,6,4,0,2
Spielball False,1,0,1,0
Spieler False,1,1,0,0
Spieß False,1,1,0,0
Spinner False,1,1,0,0
Spitze True,1,1,0,0
Spitze False,5,3,0,2
Sporn True,1,1,0,0
Springer True,1,1,0,0
Springer False,2,1,0,1
Spross False,2,1,0,1
Spross True,1,1,0,0
Sprosse True,2,1,0,1
Sprosse False,4,2,0,2
Sprung True,1,1,0,0
Sprung False,5,3,0,2
Spule False,1,1,0,0
Spur False,3,2,1,0
Staat False,1,1,0,0
Stachel False,3,3,0,0
Stachel True,3,0,1,2
Stamm True,3,2,1,0
Stamm False,7,4,1,2
Stand False,10,7,1,2
Star False,1,1,0,0
Start False,3,2,1,0
Station False,3,1,1,1
Statistik False,3,3,0,0
Statistik True,3,2,1,0
Stein True,2,2,0,0
Stein False,13,9,1,3
Steinbock False,1,1,0,0
Stelle False,1,1,0,0
Stellung False,1,0,1,0
Stempel False,3,2,0,1
Stern False,2,2,0,0
Stern True,1,0,1,0
Steuer True,9,6,1,2
Steuer False,12,8,1,3
Steuerung False,1,1,0,0
Stich False,1,1,0,0
Stichwort False,11,7,1,3
Stichwort True,4,2,0,2
Stiftung True,1,1,0,0
Stiftung False,2,1,1,0
Stil True,4,2,0,2
Stil False,6,4,0,2
Stimme False,7,4,1,2
Stimme True,3,3,0,0
Stoff False,3,2,1,0
Stollen False,1,1,0,0
Stolz False,1,0,1,0
Stoma True,2,1,0,1
Stoma False,4,2,0,2
Strang True,9,6,1,2
Strang False,12,8,1,3
Strauß False,2,2,0,0
Strauß True,1,1,0,0
Straße False,1,1,0,0
Strecke False,1,0,0,1
Streifen False,3,3,0,0
Strich False,3,3,0,0
Strippe False,1,1,0,0
Strohhalm False,1,1,0,0
Strom False,1,1,0,0
Strudel False,1,1,0,0
Studium True,1,0,1,0
Studium False,2,1,0,1
Stufe False,1,1,0,0
Stuhl False,1,1,0,0
Sturm False,1,0,1,0
Störung True,1,1,0,0
Stück False,2,1,1,0
Stück True,1,1,0,0
Substrat False,1,0,0,1
Summe False,2,2,0,0
Summe True,1,1,0,0
Surfer True,1,1,0,0
Surfer False,2,1,1,0
Symbol False,2,2,0,0
Symbol True,1,1,0,0
Symptom False,1,0,0,1
Syntax False,1,1,0,0
System False,1,0,0,1
Sämling True,6,4,0,2
Sämling False,9,6,1,2
Südafrika False,1,1,0,0
Tafel False,3,3,0,0
Tag False,2,2,0,0
Tag True,1,1,0,0
Takt False,1,1,0,0
Talent False,1,0,1,0
Tank False,1,1,0,0
Tanne False,1,1,0,0
Tanz True,1,0,0,1
Tasse False,2,1,1,0
Tasse True,1,0,1,0
Tastatur True,1,1,0,0
Taste True,1,1,0,0
Tat True,1,1,0,0
Tat False,2,2,0,0
Teelöffel True,1,0,0,1
Teelöffel False,2,2,0,0
Teil True,2,1,0,1
Teil False,8,5,1,2
Teiler False,1,1,0,0
Teilnahme False,3,3,0,0
Tempo True,2,2,0,0
Tempo False,4,2,0,2
Tenor False,1,0,1,0
Text True,1,1,0,0
Text False,2,2,0,0
Thema False,3,2,0,1
Titan False,1,1,0,0
Toast False,1,1,0,0
Ton False,3,3,0,0
Tonne False,1,0,0,1
Tor False,17,11,2,4
Tor True,4,2,0,2
Tour False,1,0,1,0
Transfer True,1,0,1,0
Transfer False,2,1,0,1
Traube False,2,0,2,0
Traube True,1,1,0,0
Traum False,1,0,1,0
Trauma False,1,1,0,0
Treff False,1,1,0,0
Trennung True,2,2,0,0
Trennung False,4,2,0,2
Triangulation True,6,4,0,2
Triangulation False,4,2,0,2
Tribus False,1,1,0,0
Trieb False,1,0,0,1
Tritt False,1,1,0,0
Triumph False,1,1,0,0
Tropf False,1,1,0,0
Trug False,1,0,0,1
Träger False,6,4,0,2
Trüffel False,1,1,0,0
Tuch False,1,0,0,1
Tulpe False,1,1,0,0
Turbulenz False,1,1,0,0
Turm False,2,2,0,0
Turm True,1,0,0,1
Typ False,1,0,0,1
Type False,1,1,0,0
Täuschung True,1,1,0,0
Täuschung False,2,2,0,0
Tölpel False,1,1,0,0
Tüte True,1,0,0,1
Tüte False,5,3,0,2
Uhr True,9,6,1,2
Uhr False,12,8,1,3
Uhu False,1,1,0,0
Ultra False,1,1,0,0
Umfang False,3,1,0,2
Umfang True,3,1,2,0
Umfeld True,1,1,0,0
Umfeld False,2,1,0,1
Umgang False,1,0,0,1
Umgebung False,1,0,0,1
Umstand True,6,4,0,2
Umstand False,4,2,0,2
Umzug False,1,0,0,1
Unabhängigkeit False,1,1,0,0
Unikat False,1,1,0,0
Unschuld False,1,1,0,0
Unterbrechung False,11,7,1,3
Unterbrechung True,4,2,0,2
Untergrund False,1,1,0,0
Unterhalt False,1,1,0,0
Unterhaltung False,1,1,0,0
Unterlage True,1,1,0,0
Unterlage False,2,2,0,0
Unternehmen False,1,1,0,0
Urne True,2,2,0,0
Urne False,4,2,0,2
Variable True,1,1,0,0
Variable False,2,0,0,2
Vater True,1,1,0,0
Vater False,5,3,0,2
Vatikan True,2,2,0,0
Vatikan False,4,2,0,2
Verband False,1,1,0,0
Verbindung True,3,1,1,1
Verbindung False,12,8,1,3
Verbreitung True,1,1,0,0
Verbrennung True,1,1,0,0
Verbrennung False,2,1,1,0
Verdacht False,1,0,0,1
Verdeck True,4,2,0,2
Verdeck False,6,4,0,2
Verdienst False,1,1,0,0
Vereinbarung True,3,3,0,0
Vereinbarung False,3,1,1,1
Verfahren True,1,0,0,1
Verfahren False,2,0,1,1
Verfall True,9,6,1,2
Verfall False,12,8,1,3
Verfassung False,1,1,0,0
Vergleich False,1,1,0,0
Verhandlung False,1,0,1,0
Verhältnis False,5,3,0,2
Verhältnis True,1,0,0,1
Verkehr False,6,4,0,2
Verkleidung False,1,1,0,0
Verkäufer False,1,0,0,1
Verlauf False,1,0,0,1
Verletzung False,1,1,0,0
Vermögen False,2,0,1,1
Vermögen True,1,1,0,0
Verneinung False,2,2,0,0
Verneinung True,1,0,0,1
Vers False,1,0,1,0
Versicherung False,3,1,2,0
Versteinerung True,1,1,0,0
Versteinerung False,2,2,0,0
Verstärkung False,1,1,0,0
Versuch True,1,0,0,1
Versuch False,2,2,0,0
Verteidiger False,1,0,0,1
Verteidigung False,6,4,0,2
Vertreter False,3,2,1,0
Verwaltung False,1,1,0,0
Verwandtschaft False,1,1,0,0
Verweis True,4,2,0,2
Verweis False,6,4,0,2
Vielfraß False,1,1,0,0
Viertel False,1,1,0,0
Vignette False,1,1,0,0
Vitrine False,1,1,0,0
Vogelscheuche False,1,0,0,1
Volk True,2,1,0,1
Volk False,8,5,1,2
Volleyball False,1,1,0,0
Vorsprung False,2,1,1,0
Vorsprung True,1,0,1,0
Vorstellung True,1,1,0,0
Vorstellung False,2,1,1,0
Vorstoß True,3,3,0,0
Vorstoß False,3,2,1,0
Waage False,1,1,0,0
Wache False,2,1,1,0
Wache True,1,1,0,0
Wagen False,1,1,0,0
Waggon False,1,1,0,0
Wahl False,2,2,0,0
Wahl True,1,1,0,0
Walzer True,1,0,0,1
Wanderung False,1,0,0,1
Wanze False,1,0,0,1
Waschlappen False,1,1,0,0
Wasser True,1,1,0,0
Wasserball False,1,0,1,0
Wassergraben False,1,0,0,1
Watt False,1,1,0,0
Wechsel False,1,0,0,1
Weg True,2,2,0,0
Weg False,13,9,1,3
Weihe False,2,2,0,0
Weihe True,1,1,0,0
Weihnachtsstern False,1,1,0,0
Wein False,1,1,0,0
Weise False,2,2,0,0
Weise True,1,1,0,0
Weiße False,1,0,1,0
Welle False,3,2,1,0
Welt False,9,6,1,2
Welt True,1,0,0,1
Wende False,2,2,0,0
Wende True,1,1,0,0
Werk False,3,2,1,0
Wertigkeit False,1,1,0,0
Westen True,1,1,0,0
Westen False,2,2,0,0
Widder False,1,1,0,0
Widerspruch True,1,0,1,0
Widerspruch False,2,2,0,0
Widerstand False,7,4,1,2
Widerstand True,3,3,0,0
Wien True,1,1,0,0
Wien False,2,1,0,1
Wildschwein False,1,0,1,0
Wirbel False,3,1,2,0
Wirt False,1,1,0,0
Wirtschaft False,1,1,0,0
Witterung False,1,1,0,0
Witz False,3,2,0,1
Wolle False,1,0,0,1
Wort False,28,19,4,5
Wort True,27,18,4,5
Wunsch False,1,1,0,0
Würfel False,2,1,1,0
Würfel True,1,1,0,0
Zahl False,3,3,0,0
Zapfen False,1,1,0,0
Zauberer False,1,1,0,0
Zeche False,1,1,0,0
Zeichen True,6,4,0,2
Zeichen False,4,2,0,2
Zeit False,1,1,0,0
Zelle False,2,2,0,0
Zelle True,1,0,1,0
Zenit False,2,2,0,0
Zenit True,1,0,0,1
Zensur False,1,1,0,0
Zentrum False,1,0,0,1
Zerfall False,1,1,0,0
Zertifikat False,1,1,0,0
Zeug False,1,1,0,0
Ziege False,1,1,0,0
Ziel False,1,1,0,0
Zoom False,1,0,1,0
Zucht False,1,1,0,0
Zufall False,1,0,0,1
Zug False,10,7,1,2
Zugabe False,1,0,1,0
Zugang False,3,3,0,0
Zuschlag True,1,1,0,0
Zuschlag False,2,1,0,1
Zutritt False,2,2,0,0
Zutritt True,1,0,0,1
Zuwendung False,2,2,0,0
Zuwendung True,1,1,0,0
Zweig False,1,0,1,0
Zweiteiler False,1,0,0,1
Zwiebel False,1,1,0,0
Zyklon False,1,0,0,1
Zylinder False,3,2,1,0
Zynismus True,1,1,0,0
Zähler False,1,0,1,0
Äon True,1,1,0,0
Äon False,2,0,0,2
Öffentlichkeit False,1,1,0,0
Ökonomie False,1,1,0,0
Übergang False,1,1,0,0
Übermut True,2,2,0,0
Übermut False,4,2,0,2
Übernahme False,1,0,0,1
Überraschung False,2,2,0,0
Überraschung True,1,0,1,0
Überschuss False,1,1,0,0
Übersicht False,1,1,0,0
Übertragung False,1,1,0,0
Überweisung False,1,1,0,0
Überzeugung False,2,2,0,0
Überzeugung True,1,1,0,0
abarbeiten False,1,1,0,0
abbauen False,6,4,0,2
abbinden True,1,1,0,0
abbinden False,2,1,0,1
abbrechen False,8,5,1,2
abbrechen True,2,2,0,0
abdrehen True,1,1,0,0
abdrehen False,2,2,0,0
abfahren False,1,0,1,0
abgeben False,6,4,0,2
abgehen False,14,9,2,3
abgehen True,1,0,0,1
abgewöhnen False,1,1,0,0
abhalten False,1,1,0,0
abhauen False,1,0,0,1
abheben False,3,2,1,0
abholen True,1,0,1,0
abhängen False,14,9,2,3
abhängen True,1,1,0,0
abkratzen True,2,1,1,0
abkratzen False,4,2,0,2
abkühlen False,1,1,0,0
ablassen True,2,1,1,0
ablassen False,4,2,0,2
ablaufen True,3,2,0,1
ablaufen False,3,3,0,0
ablösen False,3,2,0,1
abnehmen False,20,14,3,3
abnehmen True,1,1,0,0
abnutzen False,1,1,0,0
abrücken False,5,3,0,2
abrücken True,1,1,0,0
abschieben True,7,4,1,2
abschieben False,8,5,1,2
abschlagen False,1,1,0,0
abschließen False,3,3,0,0
abschneiden False,1,1,0,0
abschrecken True,1,0,1,0
abschrecken False,2,1,0,1
abschreiben False,20,14,3,3
abschreiben True,1,1,0,0
abschöpfen False,2,1,1,0
abschöpfen True,1,1,0,0
absetzen False,10,7,1,2
absorbieren True,1,0,1,0
absorbieren False,2,2,0,0
absprechen False,12,8,1,3
absprechen True,9,6,1,2
absteigen False,2,1,0,1
absteigen True,1,1,0,0
abstellen False,5,3,0,2
abstellen True,1,0,1,0
abstimmen False,1,1,0,0
abstürzen False,1,0,1,0
absägen False,1,0,0,1
abtragen True,3,2,1,0
abtreten False,1,1,0,0
abwarten True,1,1,0,0
abwerfen False,2,0,1,1
abwerfen True,1,0,1,0
abwerten False,1,0,0,1
abwickeln False,1,1,0,0
abzeichnen True,7,4,1,2
abzeichnen False,8,5,1,2
abziehen False,3,2,1,0
achten False,6,4,0,2
adressieren False,1,1,0,0
akzeptieren False,1,1,0,0
amortisieren False,1,0,1,0
amüsieren True,1,1,0,0
amüsieren False,2,2,0,0
anbauen False,2,1,1,0
anbauen True,1,1,0,0
anbringen False,3,2,0,1
aneignen False,1,1,0,0
anerkennen True,4,2,0,2
anerkennen False,6,4,0,2
anfahren False,3,2,0,1
anfangen True,1,1,0,0
anfangen False,2,2,0,0
anfechten False,2,2,0,0
anfechten True,1,0,0,1
angeben False,1,0,0,1
angehen False,5,3,0,2
angehen True,1,1,0,0
angeln False,1,1,0,0
angreifen False,1,1,0,0
anhaben False,1,1,0,0
anhalten False,3,1,1,1
anheben False,1,0,1,0
anhören False,3,1,1,1
anklagen False,3,3,0,0
anklagen True,3,2,0,1
ankommen False,1,0,1,0
ankündigen False,1,1,0,0
anlangen False,1,0,1,0
anlassen True,2,0,1,1
anlassen False,4,2,0,2
anlegen False,15,10,2,3
anlocken False,1,0,0,1
anmachen False,1,0,0,1
anmalen False,1,1,0,0
anmelden False,6,4,0,2
annehmen True,4,2,0,2
annehmen False,6,4,0,2
anordnen False,1,0,0,1
anpassen True,1,0,0,1
anrufen False,1,1,0,0
anrühren False,3,2,0,1
ansagen False,4,2,0,2
ansagen True,2,2,0,0
anschließen False,14,9,2,3
anschließen True,1,1,0,0
ansiedeln True,2,2,0,0
ansiedeln False,4,2,0,2
ansprechen False,3,1,1,1
anstehen False,1,1,0,0
anstellen False,14,9,2,3
anstellen True,1,1,0,0
anstrengen False,3,2,0,1
antreten True,1,1,0,0
antreten False,5,3,0,2
anvertrauen False,1,1,0,0
anweisen False,6,4,0,2
anzeigen True,1,1,0,0
anzeigen False,2,0,2,0
anziehen True,1,1,0,0
arbeiten False,3,2,0,1
attackieren False,1,1,0,0
aufbauen False,3,2,0,1
aufbrechen False,1,1,0,0
aufführen False,6,4,0,2
aufgeben True,25,17,3,5
aufgeben False,30,21,4,5
aufgehen True,5,3,0,2
aufgehen False,23,16,3,4
aufheben False,3,2,0,1
aufhängen False,1,0,1,0
aufhören False,1,1,0,0
aufkommen True,6,4,0,2
aufladen False,1,1,0,0
auflegen False,1,0,0,1
auflösen False,6,4,0,2
aufmachen False,2,1,0,1
aufmachen True,1,0,1,0
aufnehmen False,15,10,2,3
aufregen True,1,1,0,0
aufregen False,2,2,0,0
aufrichten False,2,0,1,1
aufrichten True,1,1,0,0
aufschlagen False,41,28,6,7
aufschlagen True,4,2,0,2
aufsteigen False,6,4,0,2
aufstellen False,14,9,2,3
aufstellen True,1,0,1,0
auftauchen False,6,4,0,2
auftragen False,3,0,1,2
auftreten False,6,4,0,2
aufwachsen False,1,1,0,0
aufwerfen False,2,1,0,1
aufwerfen True,1,1,0,0
aufziehen False,6,4,0,2
ausbauen True,1,1,0,0
ausbauen False,5,3,0,2
ausbrechen False,1,1,0,0
ausbrüten False,1,1,0,0
ausdrücken False,1,1,0,0
ausfallen False,3,2,0,1
ausführen False,3,1,1,1
ausgeben False,1,1,0,0
ausgehen False,10,7,1,2
ausklammern False,3,2,1,0
ausklammern True,3,2,1,0
auskommen True,2,1,0,1
auskommen False,4,2,0,2
ausladen False,1,1,0,0
auslassen True,5,3,0,2
auslassen False,16,11,2,3
auslaufen True,1,1,0,0
auslaufen False,2,1,0,1
ausmachen False,10,7,1,2
ausnehmen False,7,4,1,2
ausnehmen True,3,3,0,0
auspacken False,1,1,0,0
ausrechnen False,2,1,0,1
ausrechnen True,1,0,0,1
ausrichten False,5,3,0,2
ausrichten True,1,1,0,0
aussagen False,8,5,1,2
aussagen True,2,1,0,1
ausschalten False,1,1,0,0
ausschauen True,6,4,0,2
ausschauen False,4,2,0,2
ausscheiden False,1,0,0,1
ausschlachten False,1,1,0,0
ausschließen False,3,2,1,0
ausschmücken False,1,1,0,0
ausschreiben False,1,0,1,0
aussetzen False,10,7,1,2
aussortieren False,1,1,0,0
aussprechen False,3,3,0,0
aussteigen False,1,1,0,0
ausstellen False,1,0,1,0
ausstrahlen False,1,0,0,1
austauschen False,1,1,0,0
ausweisen False,3,2,0,1
auszeichnen False,1,1,0,0
ausüben True,4,2,0,2
ausüben False,6,4,0,2
ballen False,1,1,0,0
balsamieren False,1,1,0,0
bauen True,28,19,4,5
bauen False,17,11,2,4
beachten False,1,1,0,0
beackern False,1,0,0,1
beanspruchen False,1,0,0,1
bearbeiten False,1,1,0,0
bebauen False,1,0,0,1
bedecken False,1,1,0,0
bedenken False,3,2,1,0
bedeuten False,5,3,0,2
bedeuten True,1,1,0,0
bedienen False,9,6,1,2
bedienen True,1,1,0,0
bedrohen False,2,2,0,0
bedrohen True,1,1,0,0
befinden False,5,3,0,2
befinden True,1,0,1,0
befreien False,2,2,0,0
befreien True,1,0,0,1
befriedigen False,2,2,0,0
befriedigen True,1,1,0,0
befördern False,1,1,0,0
begehen False,3,2,0,1
begehren True,57,39,8,10
begehren False,63,44,9,10
begeistern False,1,1,0,0
beginnen False,1,0,0,1
begleiten True,1,1,0,0
begleiten False,2,2,0,0
begraben True,3,2,1,0
begraben False,3,3,0,0
begründen False,1,1,0,0
begrüßen False,1,1,0,0
behalten False,3,0,2,1
behandeln False,5,3,0,2
behandeln True,1,0,1,0
behaupten False,2,2,0,0
behaupten True,1,1,0,0
beherrschen False,6,4,0,2
beibringen False,8,5,1,2
beibringen True,2,1,1,0
beichten False,1,1,0,0
beilegen True,1,1,0,0
beilegen False,2,1,1,0
beitragen True,4,2,0,2
beitragen False,6,4,0,2
beißen False,1,1,0,0
bekommen False,1,0,0,1
belasten False,1,0,1,0
beleben True,1,1,0,0
belegen False,9,6,1,2
belegen True,1,1,0,0
bellen False,1,1,0,0
bemerken False,1,0,0,1
bemühen True,1,1,0,0
benennen True,5,3,0,2
benennen False,16,11,2,3
beobachten False,1,1,0,0
beraten False,1,1,0,0
berechnen False,1,0,0,1
bereiten True,4,2,0,2
bereiten False,6,4,0,2
bergen True,2,1,0,1
bergen False,4,2,0,2
beruhigen False,1,1,0,0
berühren True,2,2,0,0
berühren False,4,2,0,2
beschicken False,1,0,0,1
beschließen True,4,2,0,2
beschließen False,6,4,0,2
beschreiben False,1,1,0,0
beschränken False,1,1,0,0
beschweren False,1,1,0,0
beschäftigen True,6,4,0,2
beschäftigen False,30,21,4,5
besetzen True,1,0,1,0
besinnen False,1,1,0,0
bessern False,1,1,0,0
bestechen False,1,1,0,0
bestehen True,2,2,0,0
bestehen False,8,5,1,2
bestellen False,3,3,0,0
bestimmen False,1,0,0,1
bestätigen False,1,1,0,0
beteiligen True,1,0,1,0
beteiligen False,2,2,0,0
betonen False,3,2,0,1
betrachten False,2,2,0,0
betrachten True,1,1,0,0
betragen False,1,0,0,1
betätigen True,1,1,0,0
betätigen False,2,1,0,1
beugen False,3,3,0,0
bevorzugen False,1,0,0,1
bewahren False,1,1,0,0
bewegen False,9,6,1,2
bewegen True,1,0,1,0
bezeichnen False,3,3,0,0
beziehen False,6,4,0,2
biegen False,3,2,1,0
bieten True,7,4,1,2
bieten False,38,26,5,7
bilden False,1,1,0,0
billigen True,6,4,0,2
billigen False,9,6,1,2
binden False,3,3,0,0
bitten True,2,1,1,0
bitten False,4,2,0,2
blasen False,10,7,1,2
bleiben False,3,3,0,0
blicken False,1,1,0,0
blockieren False,1,1,0,0
blubbern False,1,1,0,0
blühen False,1,1,0,0
bohren False,1,1,0,0
bolzen False,1,1,0,0
braten False,1,1,0,0
brauchen True,1,1,0,0
brauchen False,2,2,0,0
brechen False,21,14,3,4
brennen False,10,7,1,2
bringen False,3,3,0,0
brummen False,5,3,0,2
brummen True,1,1,0,0
brüllen True,1,1,0,0
brüllen False,2,1,0,1
brüten False,1,0,0,1
buchen False,1,1,0,0
buttern False,1,0,1,0
checken False,1,1,0,0
dauern False,8,5,1,2
dauern True,2,1,1,0
decken False,10,7,1,2
degradieren False,1,1,0,0
dehnen False,3,2,1,0
denken True,13,9,1,3
denken False,15,10,2,3
deuten False,1,0,1,0
dichten False,1,1,0,0
dienen False,7,4,1,2
dienen True,3,1,1,1
disponieren False,1,1,0,0
dotieren True,1,1,0,0
dotieren False,2,2,0,0
drehen False,6,4,0,2
dringen False,1,0,0,1
drohen True,2,2,0,0
drohen False,4,2,0,2
drängen False,1,1,0,0
drücken False,3,0,1,2
durchbrechen False,2,2,0,0
durchbrechen True,1,0,0,1
durchbrennen False,9,6,1,2
durchbrennen True,6,4,0,2
durchdrehen True,2,2,0,0
durchdrehen False,4,2,0,2
durchführen False,3,2,0,1
durchschauen False,2,2,0,0
durchschauen True,1,0,0,1
durchsetzen True,2,2,0,0
durchsetzen False,4,2,0,2
dämmern False,1,1,0,0
dämpfen False,1,0,1,0
ehren False,1,1,0,0
einbrechen False,1,1,0,0
einbringen False,1,1,0,0
einfangen False,1,1,0,0
einführen False,35,24,5,6
einführen True,10,7,1,2
eingehen False,3,2,1,0
einholen False,3,1,1,1
einholen True,3,2,0,1
einladen False,3,1,0,2
einnehmen False,14,9,2,3
einnehmen True,1,0,1,0
einrichten True,8,5,1,2
einrichten False,20,14,3,3
einräumen False,1,0,0,1
einschalten False,1,0,1,0
einschlagen False,3,3,0,0
einschließen False,1,1,0,0
einschränken False,1,1,0,0
einsehen False,4,2,0,2
einsehen True,2,1,0,1
einsetzen False,29,20,4,5
einsetzen True,7,4,1,2
einsteigen False,1,1,0,0
einstellen False,14,9,2,3
einstellen True,1,1,0,0
einstimmen False,1,1,0,0
einteilen False,1,1,0,0
eintragen False,1,1,0,0
eintreten False,6,4,0,2
einwickeln False,1,1,0,0
einwirken False,1,0,1,0
einziehen False,20,14,3,3
einziehen True,1,1,0,0
empfangen False,3,3,0,0
empfehlen False,8,5,1,2
empfehlen True,2,1,1,0
empfinden False,1,1,0,0
empören False,1,0,1,0
engagieren False,1,1,0,0
entfallen False,1,1,0,0
entfernen False,1,1,0,0
entgegenkommen False,1,1,0,0
entgehen False,1,1,0,0
entgleisen False,1,1,0,0
enthalten True,1,1,0,0
enthalten False,2,2,0,0
entlassen False,2,1,0,1
entlassen True,1,1,0,0
entnehmen False,1,1,0,0
entscheiden False,3,2,1,0
entschärfen False,1,1,0,0
entwickeln False,1,1,0,0
entziehen False,2,2,0,0
entziehen True,1,1,0,0
entzünden True,3,1,1,1
entzünden False,3,1,1,1
erfahren False,1,1,0,0
erfassen False,3,1,2,0
erfinden False,1,1,0,0
erfreuen False,2,1,0,1
erfreuen True,1,0,0,1
erfüllen False,3,3,0,0
ergeben False,1,0,0,1
ergötzen False,1,1,0,0
erhalten False,3,2,1,0
erhalten True,3,3,0,0
erheben False,15,10,2,3
erholen False,1,0,0,1
erhöhen False,1,0,1,0
erinnern False,3,3,0,0
erkennen False,13,9,1,3
erkennen True,2,1,1,0
erklären True,6,4,0,2
erklären False,9,6,1,2
erlassen True,2,1,0,1
erlassen False,4,2,0,2
erleben True,1,0,0,1
erledigen False,1,1,0,0
erleichtern False,3,2,1,0
erleiden True,1,1,0,0
erlöschen False,1,1,0,0
erlösen False,1,0,0,1
ermitteln False,1,1,0,0
ermöglichen True,1,0,1,0
erregen False,2,1,0,1
erregen True,1,1,0,0
erreichen True,3,2,1,0
erreichen False,7,4,1,2
errichten True,2,1,0,1
errichten False,4,2,0,2
erscheinen False,6,4,0,2
erschüttern True,1,1,0,0
erschüttern False,2,2,0,0
ersetzen False,8,5,1,2
ersetzen True,2,2,0,0
erstrecken True,2,1,0,1
erstrecken False,8,5,1,2
erwarten False,3,3,0,0
erweisen False,6,4,0,2
erweisen True,4,2,0,2
erweitern False,2,1,1,0
erweitern True,1,0,1,0
erwerben False,3,3,0,0
erzählen True,1,1,0,0
erzählen False,2,1,0,1
eröffnen False,3,3,0,0
existieren False,1,1,0,0
explodieren False,1,0,1,0
exponieren False,1,1,0,0
fahren False,1,1,0,0
fallen False,5,3,0,2
fallen True,1,0,0,1
fassen False,9,6,1,2
fassen True,1,1,0,0
fegen False,1,1,0,0
fehlen True,1,1,0,0
fehlen False,2,2,0,0
feiern False,1,1,0,0
feilen True,1,1,0,0
fesseln False,4,2,0,2
fesseln True,6,4,0,2
festhalten False,9,6,1,2
festhalten True,1,1,0,0
festigen False,1,1,0,0
festlegen False,1,1,0,0
festsetzen False,1,1,0,0
feststellen False,1,0,0,1
fetzen False,2,2,0,0
fetzen True,1,1,0,0
finden True,1,1,0,0
fixieren True,1,1,0,0
fixieren False,2,1,0,1
flattern False,1,1,0,0
flechten True,6,4,0,2
flechten False,9,6,1,2
fliegen False,3,2,0,1
fluten True,3,2,1,0
folgen False,10,7,1,2
foppen True,3,2,1,0
formatieren False,1,1,0,0
formen False,1,1,0,0
fortbewegen False,1,1,0,0
fortfahren False,1,1,0,0
frieren False,1,1,0,0
frisieren False,1,0,1,0
fällen True,1,1,0,0
fällen False,2,1,1,0
färben True,1,1,0,0
fördern True,2,2,0,0
fördern False,4,2,0,2
fügen False,3,3,0,0
fühlen False,6,4,0,2
führen False,3,2,1,0
füllen False,1,0,0,1
füßeln False,1,1,0,0
garen False,1,0,1,0
geben False,1,1,0,0
gebühren False,1,0,0,1
gedenken False,1,1,0,0
gehen False,87,60,13,14
gehen True,4,2,0,2
gehören False,9,6,1,2
gehören True,1,1,0,0
geifern False,1,1,0,0
geißeln True,1,1,0,0
gelangen True,1,1,0,0
gelangen False,2,0,1,1
gelten True,10,7,1,2
gelten False,26,18,3,5
genehmigen True,2,1,1,0
genehmigen False,4,2,0,2
genießen False,2,2,0,0
genießen True,1,1,0,0
geraten True,1,1,0,0
geraten False,5,3,0,2
geschehen True,1,0,0,1
geschehen False,2,2,0,0
gewinnen True,4,2,0,2
gewinnen False,24,16,3,5
gießen False,6,4,0,2
gleiten False,1,0,0,1
glänzen True,1,0,0,1
glänzen False,2,1,1,0
glühen False,1,0,1,0
graben False,1,1,0,0
grapschen True,1,1,0,0
greifen True,1,1,0,0
grollen False,1,0,0,1
gründen False,1,1,0,0
gönnen False,1,1,0,0
halten False,20,14,3,3
halten True,1,0,1,0
handeln False,6,4,0,2
haschen False,1,1,0,0
heben False,1,1,0,0
hecheln True,2,0,1,1
hecheln False,4,2,0,2
hegen False,2,2,0,0
hegen True,1,1,0,0
heilen False,1,1,0,0
heizen True,2,2,0,0
heizen False,4,2,0,2
heißen False,6,4,0,2
helfen False,2,2,0,0
helfen True,1,1,0,0
herabsetzen False,2,2,0,0
herabsetzen True,1,1,0,0
herausgeben False,2,0,1,1
herausgeben True,1,0,0,1
herauskommen False,3,3,0,0
herausstellen False,1,1,0,0
herrschen False,1,1,0,0
herstellen False,1,0,1,0
hervorbringen False,1,1,0,0
hervorheben True,2,2,0,0
hervorheben False,4,2,0,2
herziehen False,1,1,0,0
heulen False,1,0,0,1
hindern False,2,2,0,0
hindern True,1,1,0,0
hinreichen False,1,1,0,0
hinweisen False,1,1,0,0
hinzufügen False,2,2,0,0
hinzufügen True,1,1,0,0
hungern True,1,0,1,0
hungern False,2,2,0,0
hängen False,8,5,1,2
hängen True,2,1,0,1
härten False,1,1,0,0
hören False,6,4,0,2
illustrieren False,1,1,0,0
informieren False,1,1,0,0
interessieren True,9,6,1,2
interessieren False,12,8,1,3
interpretieren True,1,1,0,0
irren True,7,4,1,2
irren False,8,5,1,2
isolieren True,1,1,0,0
isolieren False,2,2,0,0
jagen False,1,1,0,0
jonglieren False,2,2,0,0
jonglieren True,1,1,0,0
jucken True,1,1,0,0
jucken False,2,1,0,1
kassieren False,1,1,0,0
kaufen False,1,1,0,0
kehren False,1,0,0,1
kennen False,2,2,0,0
kennen True,1,0,0,1
kennzeichnen False,1,0,0,1
kippen False,2,1,0,1
kippen True,1,0,0,1
klagen False,3,2,0,1
klappern False,3,1,2,0
klappern True,3,2,1,0
klatschen False,1,1,0,0
kleben False,1,1,0,0
klettern False,1,1,0,0
klicken True,2,2,0,0
klicken False,4,2,0,2
klingen False,3,2,0,1
kläffen False,2,2,0,0
kläffen True,1,1,0,0
knacken False,1,1,0,0
knurren False,1,1,0,0
kochen True,2,2,0,0
kochen False,8,5,1,2
kommen True,2,2,0,0
kommen False,4,2,0,2
kommentieren False,1,1,0,0
kontern False,1,1,0,0
kosten False,3,2,1,0
kosten True,3,3,0,0
kreischen True,1,1,0,0
kreischen False,2,1,1,0
kreuzen True,3,2,0,1
kriechen False,1,0,0,1
kriegen True,1,1,0,0
kriegen False,2,1,1,0
kritisieren False,1,1,0,0
krächzen False,1,0,0,1
kräuseln True,4,2,0,2
kräuseln False,6,4,0,2
können True,8,5,1,2
können False,37,25,5,7
köpfen False,1,0,0,1
kündigen False,1,1,0,0
laden False,6,4,0,2
landen False,9,6,1,2
landen True,1,1,0,0
langen True,2,2,0,0
langen False,4,2,0,2
laufen True,3,2,1,0
laufen False,3,2,1,0
leben False,1,1,0,0
lecken False,1,1,0,0
leeren False,1,0,0,1
legen False,1,0,1,0
leiden True,2,2,0,0
leiden False,4,2,0,2
leihen True,1,1,0,0
leihen False,2,2,0,0
leimen False,1,1,0,0
leisten False,3,2,0,1
lernen False,2,2,0,0
lernen True,1,1,0,0
lesen False,2,1,1,0
lesen True,1,1,0,0
lieben False,2,1,1,0
lieben True,1,1,0,0
liegen True,1,1,0,0
liegen False,5,3,0,2
lispeln False,1,1,0,0
locken False,1,1,0,0
lohnen False,1,1,0,0
läutern False,1,1,0,0
lösen False,14,9,2,3
lösen True,1,0,0,1
machen False,48,33,7,8
machen True,30,21,4,5
malen False,2,0,1,1
malen True,1,1,0,0
managen False,1,1,0,0
mangeln True,1,1,0,0
markieren True,1,1,0,0
markieren False,2,1,0,1
meckern False,1,1,0,0
meinen False,1,1,0,0
melden False,1,1,0,0
merken False,2,1,0,1
merken True,1,1,0,0
messen False,9,6,1,2
messen True,1,1,0,0
missachten False,2,0,1,1
missachten True,1,0,0,1
mitnehmen False,5,3,0,2
mitnehmen True,1,1,0,0
mitschwingen False,1,0,1,0
motivieren False,1,1,0,0
mögen True,6,4,0,2
müssen True,5,3,0,2
müssen False,23,16,3,4
nachgeben False,3,1,2,0
nachsagen False,1,1,0,0
nageln False,1,1,0,0
neigen False,3,2,0,1
nennen True,5,3,0,2
nennen False,16,11,2,3
niederschlagen False,1,1,0,0
nähen False,2,1,1,0
nähen True,1,1,0,0
nützen False,1,1,0,0
ordnen True,1,1,0,0
ordnen False,2,1,0,1
organisieren False,3,2,0,1
orgeln False,1,1,0,0
orientieren False,1,1,0,0
paaren True,1,1,0,0
paaren False,2,2,0,0
passen False,1,1,0,0
passieren False,3,1,1,1
pfeifen False,5,3,0,2
pfeifen True,1,1,0,0
pflegen False,3,2,1,0
plagen False,1,1,0,0
platzen False,1,1,0,0
plätschern True,1,1,0,0
pochen False,3,1,2,0
poltern False,1,0,1,0
postulieren False,1,1,0,0
prellen False,1,0,1,0
probieren False,1,1,0,0
präparieren True,22,15,3,4
präparieren False,14,9,2,3
putzen True,1,1,0,0
putzen False,2,2,0,0
radeln True,2,2,0,0
radeln False,4,2,0,2
raffen False,1,1,0,0
rammen False,1,1,0,0
rasen True,1,1,0,0
rasen False,2,1,0,1
raten False,1,1,0,0
rauchen False,1,1,0,0
rauschen False,1,0,1,0
realisieren True,2,1,0,1
realisieren False,4,2,0,2
rechnen False,3,2,0,1
rechnen True,3,1,0,2
rechtfertigen False,1,0,0,1
reflektieren False,3,2,1,0
regeln False,2,1,0,1
regeln True,1,1,0,0
regen True,2,1,1,0
regen False,4,2,0,2
regenerieren False,1,1,0,0
registrieren False,1,1,0,0
reichen False,9,6,1,2
reichen True,1,0,1,0
reizen False,1,1,0,0
reißen False,3,2,1,0
repräsentieren False,5,3,0,2
repräsentieren True,1,1,0,0
riechen False,5,3,0,2
riechen True,1,1,0,0
rinnen False,1,1,0,0
ritzen True,1,0,1,0
ritzen False,2,1,0,1
rollen False,3,2,1,0
rufen False,1,0,0,1
ruhen False,1,1,0,0
rücken False,1,0,1,0
rühren False,3,3,0,0
rüsten False,1,1,0,0
sagen True,1,1,0,0
sagen False,2,2,0,0
sammeln False,9,6,1,2
sammeln True,1,1,0,0
schaffen True,3,1,0,2
schaffen False,12,8,1,3
schalten False,6,4,0,2
schauen False,1,0,0,1
scheiden False,1,1,0,0
scheinen False,1,1,0,0
schellen False,1,1,0,0
schelten False,5,3,0,2
schelten True,1,0,1,0
scheren True,9,6,1,2
scheren False,12,8,1,3
schicken False,1,0,0,1
schieben False,1,1,0,0
schielen False,3,3,0,0
schießen False,10,7,1,2
schiffen False,1,0,0,1
schinden False,1,1,0,0
schlagen False,20,14,3,3
schlagen True,1,1,0,0
schleifen False,3,3,0,0
schleudern False,3,3,0,0
schleudern True,3,2,0,1
schließen False,10,7,1,2
schlucken False,1,1,0,0
schmeißen True,1,1,0,0
schmeißen False,5,3,0,2
schmelzen False,1,1,0,0
schmieren False,3,3,0,0
schnauben False,3,2,1,0
schneiden False,7,4,1,2
schneiden True,3,1,0,2
schnurren False,1,0,0,1
schnüffeln False,3,3,0,0
schrauben False,1,1,0,0
schreiben False,2,0,1,1
schreiben True,1,1,0,0
schultern False,1,1,0,0
schwanken False,1,1,0,0
schwenken False,1,1,0,0
schwinden False,1,1,0,0
schwingen False,5,3,0,2
schwingen True,1,0,1,0
schwärmen False,5,3,0,2
schwärmen True,1,1,0,0
schwören False,1,0,0,1
schätzen False,3,3,0,0
segeln False,1,1,0,0
sehen False,2,1,0,1
sehen True,1,0,0,1
sein False,3,3,0,0
senden False,1,1,0,0
senken True,1,1,0,0
senken False,2,1,1,0
setzen False,14,9,2,3
setzen True,1,1,0,0
sichern False,5,3,0,2
sichern True,1,1,0,0
sieben False,2,2,0,0
sieben True,1,0,1,0
sieden False,1,1,0,0
singen False,1,1,0,0
sinken False,6,4,0,2
sitzen False,3,3,0,0
skizzieren False,2,2,0,0
skizzieren True,1,0,1,0
sorgen True,1,1,0,0
sorgen False,5,3,0,2
spannen False,10,7,1,2
sparen False,1,1,0,0
speichern True,1,0,0,1
speichern False,2,0,2,0
sperren True,5,3,0,2
sperren False,23,16,3,4
spielen True,1,1,0,0
spielen False,9,6,1,2
spinnen False,1,0,0,1
sprengen False,1,1,0,0
springen False,3,3,0,0
spucken False,1,1,0,0
spuren False,1,1,0,0
spülen False,1,1,0,0
spüren True,1,1,0,0
spüren False,2,2,0,0
stammen False,6,4,0,2
starten False,3,3,0,0
stechen False,9,6,1,2
stechen True,1,0,0,1
stecken False,2,2,0,0
stecken True,1,1,0,0
stehen False,5,3,0,2
stehen True,1,1,0,0
stehlen False,1,1,0,0
steigen True,1,1,0,0
steigen False,5,3,0,2
stellen True,7,4,1,2
stellen False,14,9,2,3
stemmen False,1,1,0,0
steuern False,7,4,1,2
steuern True,3,2,1,0
stiften True,1,1,0,0
stiften False,2,1,0,1
stimmen False,9,6,1,2
stimmen True,1,1,0,0
stippen False,1,1,0,0
stopfen True,1,1,0,0
stopfen False,2,1,1,0
stottern False,1,0,1,0
stoßen True,18,12,2,4
stoßen False,87,60,13,14
stranden True,2,1,0,1
stranden False,4,2,0,2
strapazieren True,3,3,0,0
straucheln False,1,1,0,0
streben False,1,0,1,0
streichen False,3,1,1,1
streiken False,1,1,0,0
sträuben False,1,0,0,1
studieren True,4,2,0,2
studieren False,6,4,0,2
stutzen False,1,0,1,0
stärken False,2,2,0,0
stärken True,1,1,0,0
stöhnen True,2,2,0,0
stöhnen False,4,2,0,2
stürzen False,6,4,0,2
stützen False,5,3,0,2
stützen True,1,1,0,0
summen True,1,1,0,0
summen False,2,1,1,0
surfen True,1,0,0,1
surfen False,2,1,0,1
sägen False,1,1,0,0
tagen False,1,1,0,0
tanzen False,1,1,0,0
tauchen False,1,1,0,0
teilen True,2,1,1,0
teilen False,8,5,1,2
teilnehmen False,1,0,1,0
terminieren False,1,0,0,1
tilgen False,1,1,0,0
tippen True,1,0,0,1
tippen False,5,3,0,2
toasten False,1,1,0,0
torpedieren False,1,1,0,0
tragen False,10,7,1,2
treffen False,3,1,1,1
treiben False,14,9,2,3
treiben True,1,1,0,0
trennen False,6,4,0,2
trinken False,2,1,1,0
trinken True,1,1,0,0
trocknen False,1,0,1,0
träumen False,2,2,0,0
träumen True,1,0,0,1
tun False,17,11,2,4
tun True,4,2,0,2
tupfen False,2,2,0,0
tupfen True,1,1,0,0
täuschen False,1,1,0,0
tönen False,1,0,1,0
umfahren True,2,1,0,1
umfahren False,4,2,0,2
umfallen False,1,0,0,1
umgehen False,9,6,1,2
umgehen True,1,0,0,1
umgestalten False,1,1,0,0
umlegen False,14,9,2,3
umlegen True,1,0,1,0
umreißen False,1,0,1,0
umschließen False,1,1,0,0
umschreiben False,1,1,0,0
umsetzen False,6,4,0,2
umspannen False,12,8,1,3
umspannen True,3,3,0,0
umsteigen False,1,1,0,0
umstellen False,1,1,0,0
umziehen True,2,1,0,1
umziehen False,4,2,0,2
unterbrechen True,9,6,1,2
unterbrechen False,12,8,1,3
untergehen True,6,4,0,2
untergehen False,9,6,1,2
unterhalten False,6,4,0,2
unterminieren True,4,2,0,2
unterminieren False,6,4,0,2
unternehmen False,2,1,0,1
unternehmen True,1,1,0,0
unterrichten False,1,0,1,0
unterscheiden True,4,2,0,2
unterscheiden False,6,4,0,2
unterstellen False,3,1,1,1
unterstreichen False,1,1,0,0
untersuchen False,1,1,0,0
verabschieden False,1,1,0,0
veranlassen False,1,0,0,1
veranstalten False,2,2,0,0
veranstalten True,1,1,0,0
verarbeiten True,21,14,3,4
verarbeiten False,45,31,6,8
verausgaben True,1,0,1,0
verbannen True,2,1,1,0
verbannen False,4,2,0,2
verbergen False,1,1,0,0
verbessern False,1,0,1,0
verbinden False,3,3,0,0
verbleiben False,2,0,0,2
verbleiben True,1,1,0,0
verbreiten False,1,1,0,0
verbrennen True,1,0,0,1
verbrennen False,2,1,1,0
verdauen True,9,6,1,2
verdauen False,12,8,1,3
verderben False,1,0,0,1
verdienen False,1,1,0,0
verdoppeln True,4,2,0,2
verdoppeln False,6,4,0,2
verfallen False,3,3,0,0
verfangen True,1,0,0,1
verfangen False,2,2,0,0
verfolgen False,3,2,0,1
verfügen False,1,1,0,0
vergeben True,6,4,0,2
vergeben False,15,10,2,3
vergehen False,5,3,0,2
vergehen True,1,1,0,0
vergessen True,7,4,1,2
vergessen False,8,5,1,2
vergiften False,1,0,0,1
vergreifen False,2,1,0,1
vergreifen True,1,1,0,0
verhalten False,1,1,0,0
verhören True,2,2,0,0
verhören False,4,2,0,2
verknüpfen True,1,0,0,1
verknüpfen False,2,2,0,0
verlangsamen True,4,2,0,2
verlangsamen False,6,4,0,2
verlaufen False,10,7,1,2
verlegen False,20,14,3,3
verlegen True,1,1,0,0
verleihen True,21,14,3,4
verleihen False,24,16,3,5
verlesen False,1,1,0,0
verletzen False,3,3,0,0
verlängern True,4,2,0,2
verlängern False,11,7,1,3
vermehren False,1,0,0,1
vermitteln True,1,1,0,0
vermitteln False,2,1,1,0
vermählen False,1,1,0,0
vernehmen False,1,1,0,0
verneinen False,1,1,0,0
verpflichten False,1,1,0,0
verputzen False,1,1,0,0
verraten False,5,3,0,2
verraten True,1,0,1,0
versagen False,1,1,0,0
versammeln False,1,1,0,0
versauen False,5,3,0,2
versauen True,1,0,0,1
verschlechtern False,1,0,0,1
verschleiern True,4,2,0,2
verschleiern False,6,4,0,2
verschlimmern False,1,0,1,0
verschreiben False,1,1,0,0
verschulden False,1,0,0,1
verschwinden False,2,2,0,0
verschwinden True,1,1,0,0
versetzen False,15,10,2,3
versichern False,3,1,2,0
versprechen False,3,3,0,0
verstehen True,1,1,0,0
verstehen False,2,1,1,0
versteifen False,3,2,0,1
verstärken False,8,5,1,2
verstärken True,2,1,0,1
versuchen True,1,1,0,0
versuchen False,2,1,0,1
verteilen False,6,4,0,2
vertragen False,1,1,0,0
vertreiben False,1,1,0,0
vertreten False,3,2,1,0
verwandeln False,2,2,0,0
verwandeln True,1,1,0,0
verweisen False,2,2,0,0
verweisen True,1,1,0,0
verwenden False,1,1,0,0
verwursten False,1,0,0,1
verziehen False,6,4,0,2
verzweigen False,1,1,0,0
vollziehen False,1,0,1,0
vorbeugen False,1,1,0,0
vorgehen False,6,4,0,2
vorkommen False,5,3,0,2
vorkommen True,1,1,0,0
vorlegen False,3,2,0,1
vormachen False,1,1,0,0
vornehmen True,8,5,1,2
vornehmen False,20,14,3,3
vorsehen False,5,3,0,2
vorsehen True,1,0,1,0
vorstellen True,1,1,0,0
vorstellen False,2,1,1,0
vorziehen False,14,9,2,3
vorziehen True,1,0,0,1
wachsen False,3,3,0,0
wackeln False,4,2,0,2
wackeln True,2,0,0,2
wagen True,1,0,1,0
wandeln False,1,1,0,0
warten False,1,1,0,0
wechseln False,1,1,0,0
wecken False,1,1,0,0
wedeln True,9,6,1,2
wedeln False,12,8,1,3
wegziehen False,1,0,0,1
weichen True,4,2,0,2
weichen False,6,4,0,2
weihen True,1,1,0,0
weinen True,1,1,0,0
werben False,1,1,0,0
werfen False,3,0,2,1
wichsen False,1,1,0,0
wickeln False,1,1,0,0
widmen False,1,0,0,1
wiedergeben False,3,2,0,1
wiederholen False,1,1,0,0
wiegen False,1,0,1,0
wiehern False,1,1,0,0
winden True,1,1,0,0
winden False,2,1,1,0
wirken False,9,6,1,2
wirken True,1,1,0,0
wittern True,1,1,0,0
wuchern False,1,1,0,0
wundern True,2,1,1,0
wundern False,4,2,0,2
wählen False,3,3,0,0
wälzen False,1,1,0,0
wühlen False,4,2,0,2
wühlen True,6,4,0,2
wünschen False,3,2,1,0
würfeln False,1,1,0,0
zeichnen False,1,1,0,0
zeigen False,1,0,0,1
zensieren True,1,0,1,0
zensieren False,2,2,0,0
zerbrechen False,1,1,0,0
zerlegen False,1,0,1,0
zerstampfen True,2,0,1,1
zerstampfen False,4,2,0,2
zerstreuen True,7,4,1,2
zerstreuen False,8,5,1,2
zeugen True,2,1,0,1
zeugen False,4,2,0,2
ziehen False,21,14,3,4
zielen False,1,1,0,0
zischen True,1,0,0,1
zischen False,5,3,0,2
zitieren False,1,1,0,0
zocken True,3,2,0,1
zocken False,3,3,0,0
zugeben False,1,1,0,0
zugehen True,1,1,0,0
zugehen False,2,1,0,1
zulassen False,6,4,0,2
zunehmen False,1,1,0,0
zupfen False,11,7,1,3
zupfen True,4,2,0,2
zurückgehen True,2,1,0,1
zurückgehen False,4,2,0,2
zurückziehen True,1,1,0,0
zurückziehen False,5,3,0,2
zusammensetzen False,1,1,0,0
zutragen True,3,2,0,1
zwicken False,1,1,0,0
zwitschern False,1,0,0,1
zählen False,20,14,3,3
zählen True,1,0,0,1
zügeln False,1,1,0,0
ächzen True,1,1,0,0
ändern False,1,0,0,1
ängstigen False,1,0,0,1
ärgern False,1,1,0,0
äußern False,2,1,0,1
äußern True,1,0,0,1
öffnen False,1,1,0,0
überarbeiten False,2,1,1,0
überarbeiten True,1,1,0,0
überfallen False,5,3,0,2
überfallen True,1,0,1,0
überfliegen False,1,1,0,0
übergeben False,2,2,0,0
übergeben True,1,1,0,0
überholen False,3,3,0,0
überholen True,3,3,0,0
überlassen False,8,5,1,2
überlassen True,2,1,1,0
übernehmen True,11,7,1,3
übernehmen False,10,7,1,2
überraschen True,2,1,0,1
überraschen False,4,2,0,2
übersehen False,1,1,0,0
übersetzen False,3,2,0,1
übersteigen False,1,1,0,0
übertragen True,1,0,1,0
übertragen False,2,1,0,1
übertreiben False,1,0,0,1
überweisen True,1,0,0,1
überweisen False,2,2,0,0
überzeugen False,1,0,1,0
